QUERIED_ROLE,created_on,privilege,granted_on,name,granted_to,grantee_name,grant_option,granted_by
KAVACH_ADMIN,2026-09-25 00:19:30.032000-07:00,USE AI FUNCTIONS,ACCOUNT,ME53476,ROLE,KAVACH_ADMIN,false,ACCOUNTADMIN
KAVACH_ADMIN,2026-09-25 07:05:54.204000-07:00,USAGE,CORTEX_AGENT,KAVACH_DB.AI.KAVACH_AGENT,ROLE,KAVACH_ADMIN,false,ACCOUNTADMIN
KAVACH_ADMIN,2026-09-25 01:45:17.173000-07:00,USAGE,CORTEX_SEARCH_SERVICE,KAVACH_DB.AI.KAVACH_REG_SEARCH,ROLE,KAVACH_ADMIN,false,ACCOUNTADMIN
KAVACH_ADMIN,2026-09-24 22:15:52.460000-07:00,USAGE,DATABASE,KAVACH_DB,ROLE,KAVACH_ADMIN,false,ACCOUNTADMIN
KAVACH_ADMIN,2026-09-25 07:05:54.894000-07:00,USAGE,PROCEDURE,KAVACH_DB.AI.BUILD_EVIDENCE_PACK(VARCHAR),ROLE,KAVACH_ADMIN,false,ACCOUNTADMIN
KAVACH_ADMIN,2026-09-25 07:05:54.555000-07:00,USAGE,PROCEDURE,KAVACH_DB.AI.EXPLAIN_ALERT(VARCHAR),ROLE,KAVACH_ADMIN,false,ACCOUNTADMIN
KAVACH_ADMIN,2026-09-25 07:05:55.054000-07:00,USAGE,PROCEDURE,"KAVACH_DB.AI.TIME_MACHINE(VARCHAR, VARIANT)",ROLE,KAVACH_ADMIN,false,ACCOUNTADMIN
KAVACH_ADMIN,2026-09-25 07:05:54.731000-07:00,USAGE,PROCEDURE,KAVACH_DB.AI.WHY_NOT_FLAGGED(VARCHAR),ROLE,KAVACH_ADMIN,false,ACCOUNTADMIN
KAVACH_ADMIN,2026-09-24 22:20:18.335000-07:00,USAGE,PROCEDURE,"KAVACH_DB.AUDIT.LOG_ACTIVITY(VARCHAR, VARCHAR, VARCHAR, VARCHAR, VARIANT)",ROLE,KAVACH_ADMIN,false,ACCOUNTADMIN
KAVACH_ADMIN,2026-09-25 01:50:10.145000-07:00,USAGE,PROCEDURE,KAVACH_DB.RULES.COMPILE_CIRCULAR(DEFAULT VARCHAR),ROLE,KAVACH_ADMIN,false,ACCOUNTADMIN
KAVACH_ADMIN,2026-09-24 22:15:40.226000-07:00,USAGE,ROLE,KAVACH_ANALYST,ROLE,KAVACH_ADMIN,false,ACCOUNTADMIN
KAVACH_ADMIN,2026-09-24 22:17:54.588000-07:00,USAGE,ROLE,KAVACH_ANALYST_NORTH,ROLE,KAVACH_ADMIN,false,ACCOUNTADMIN
KAVACH_ADMIN,2026-09-24 22:15:40.457000-07:00,USAGE,ROLE,KAVACH_AUDITOR,ROLE,KAVACH_ADMIN,false,ACCOUNTADMIN
KAVACH_ADMIN,2026-09-24 22:15:40.682000-07:00,USAGE,ROLE,KAVACH_REVIEWER,ROLE,KAVACH_ADMIN,false,ACCOUNTADMIN
KAVACH_ADMIN,2026-09-24 22:16:18.700000-07:00,ADD SEARCH OPTIMIZATION,SCHEMA,KAVACH_DB.AI,ROLE,KAVACH_ADMIN,false,ACCOUNTADMIN
KAVACH_ADMIN,2026-09-24 22:16:18.385000-07:00,ADD SEMANTIC VIEW MATERIALIZATION,SCHEMA,KAVACH_DB.AI,ROLE,KAVACH_ADMIN,false,ACCOUNTADMIN
KAVACH_ADMIN,2026-09-24 22:16:18.161000-07:00,APPLYBUDGET,SCHEMA,KAVACH_DB.AI,ROLE,KAVACH_ADMIN,false,ACCOUNTADMIN
KAVACH_ADMIN,2026-09-24 22:16:18.209000-07:00,CREATE AGENT,SCHEMA,KAVACH_DB.AI,ROLE,KAVACH_ADMIN,false,ACCOUNTADMIN
KAVACH_ADMIN,2026-09-24 22:16:18.645000-07:00,CREATE AGENT TASK,SCHEMA,KAVACH_DB.AI,ROLE,KAVACH_ADMIN,false,ACCOUNTADMIN
KAVACH_ADMIN,2026-09-24 22:16:18.354000-07:00,CREATE AGGREGATION POLICY,SCHEMA,KAVACH_DB.AI,ROLE,KAVACH_ADMIN,false,ACCOUNTADMIN
KAVACH_ADMIN,2026-09-24 22:16:18.620000-07:00,CREATE ALERT,SCHEMA,KAVACH_DB.AI,ROLE,KAVACH_ADMIN,false,ACCOUNTADMIN
KAVACH_ADMIN,2026-09-24 22:16:18.322000-07:00,CREATE APPLICATION SERVICE,SCHEMA,KAVACH_DB.AI,ROLE,KAVACH_ADMIN,false,ACCOUNTADMIN
KAVACH_ADMIN,2026-09-24 22:16:18.280000-07:00,CREATE ARTIFACT REPOSITORY,SCHEMA,KAVACH_DB.AI,ROLE,KAVACH_ADMIN,false,ACCOUNTADMIN
KAVACH_ADMIN,2026-09-24 22:16:18.393000-07:00,CREATE AUTHENTICATION POLICY,SCHEMA,KAVACH_DB.AI,ROLE,KAVACH_ADMIN,false,ACCOUNTADMIN
KAVACH_ADMIN,2026-09-24 22:16:18.113000-07:00,CREATE BACKUP POLICY,SCHEMA,KAVACH_DB.AI,ROLE,KAVACH_ADMIN,false,ACCOUNTADMIN
KAVACH_ADMIN,2026-09-24 22:16:18.314000-07:00,CREATE BACKUP SET,SCHEMA,KAVACH_DB.AI,ROLE,KAVACH_ADMIN,false,ACCOUNTADMIN
KAVACH_ADMIN,2026-09-24 22:16:18.274000-07:00,CREATE CONTACT,SCHEMA,KAVACH_DB.AI,ROLE,KAVACH_ADMIN,false,ACCOUNTADMIN
KAVACH_ADMIN,2026-09-24 22:16:18.692000-07:00,CREATE CORTEX EXTENSION,SCHEMA,KAVACH_DB.AI,ROLE,KAVACH_ADMIN,false,ACCOUNTADMIN
KAVACH_ADMIN,2026-09-24 22:16:18.239000-07:00,CREATE CORTEX SEARCH SERVICE,SCHEMA,KAVACH_DB.AI,ROLE,KAVACH_ADMIN,false,ACCOUNTADMIN
KAVACH_ADMIN,2026-09-24 22:16:18.605000-07:00,CREATE DATA METRIC FUNCTION,SCHEMA,KAVACH_DB.AI,ROLE,KAVACH_ADMIN,false,ACCOUNTADMIN
KAVACH_ADMIN,2026-09-24 22:16:18.329000-07:00,CREATE DATA MOVEMENT POLICY,SCHEMA,KAVACH_DB.AI,ROLE,KAVACH_ADMIN,false,ACCOUNTADMIN
KAVACH_ADMIN,2026-09-24 22:16:18.260000-07:00,CREATE DATA MOVEMENT RULE,SCHEMA,KAVACH_DB.AI,ROLE,KAVACH_ADMIN,false,ACCOUNTADMIN
KAVACH_ADMIN,2026-09-24 22:16:18.301000-07:00,CREATE DATASET,SCHEMA,KAVACH_DB.AI,ROLE,KAVACH_ADMIN,false,ACCOUNTADMIN
KAVACH_ADMIN,2026-09-24 22:16:18.669000-07:00,CREATE DBT PROJECT,SCHEMA,KAVACH_DB.AI,ROLE,KAVACH_ADMIN,false,ACCOUNTADMIN
KAVACH_ADMIN,2026-09-24 22:16:18.684000-07:00,CREATE DCM PROJECT,SCHEMA,KAVACH_DB.AI,ROLE,KAVACH_ADMIN,false,ACCOUNTADMIN
KAVACH_ADMIN,2026-09-24 22:16:18.504000-07:00,CREATE DYNAMIC TABLE,SCHEMA,KAVACH_DB.AI,ROLE,KAVACH_ADMIN,false,ACCOUNTADMIN
KAVACH_ADMIN,2026-09-24 22:16:18.488000-07:00,CREATE EVENT TABLE,SCHEMA,KAVACH_DB.AI,ROLE,KAVACH_ADMIN,false,ACCOUNTADMIN
KAVACH_ADMIN,2026-09-24 22:16:18.196000-07:00,CREATE EXPERIMENT,SCHEMA,KAVACH_DB.AI,ROLE,KAVACH_ADMIN,false,ACCOUNTADMIN
KAVACH_ADMIN,2026-09-24 22:16:18.518000-07:00,CREATE EXTERNAL AGENT,SCHEMA,KAVACH_DB.AI,ROLE,KAVACH_ADMIN,false,ACCOUNTADMIN
KAVACH_ADMIN,2026-09-24 22:16:18.556000-07:00,CREATE EXTERNAL MCP SERVER,SCHEMA,KAVACH_DB.AI,ROLE,KAVACH_ADMIN,false,ACCOUNTADMIN
KAVACH_ADMIN,2026-09-24 22:16:18.422000-07:00,CREATE EXTERNAL TABLE,SCHEMA,KAVACH_DB.AI,ROLE,KAVACH_ADMIN,false,ACCOUNTADMIN
KAVACH_ADMIN,2026-09-24 22:16:18.532000-07:00,CREATE FEATURE POLICY,SCHEMA,KAVACH_DB.AI,ROLE,KAVACH_ADMIN,false,ACCOUNTADMIN
KAVACH_ADMIN,2026-09-24 22:16:18.579000-07:00,CREATE FILE FORMAT,SCHEMA,KAVACH_DB.AI,ROLE,KAVACH_ADMIN,false,ACCOUNTADMIN
KAVACH_ADMIN,2026-09-24 22:16:18.400000-07:00,CREATE FUNCTION,SCHEMA,KAVACH_DB.AI,ROLE,KAVACH_ADMIN,false,ACCOUNTADMIN
KAVACH_ADMIN,2026-09-24 22:16:18.378000-07:00,CREATE GATEWAY,SCHEMA,KAVACH_DB.AI,ROLE,KAVACH_ADMIN,false,ACCOUNTADMIN
KAVACH_ADMIN,2026-09-24 22:16:18.216000-07:00,CREATE GIT REPOSITORY,SCHEMA,KAVACH_DB.AI,ROLE,KAVACH_ADMIN,false,ACCOUNTADMIN
KAVACH_ADMIN,2026-09-24 22:16:18.458000-07:00,CREATE HYBRID TABLE,SCHEMA,KAVACH_DB.AI,ROLE,KAVACH_ADMIN,false,ACCOUNTADMIN
KAVACH_ADMIN,2026-09-24 22:16:18.107000-07:00,CREATE ICEBERG TABLE,SCHEMA,KAVACH_DB.AI,ROLE,KAVACH_ADMIN,false,ACCOUNTADMIN
KAVACH_ADMIN,2026-09-24 22:16:18.450000-07:00,CREATE IMAGE REPOSITORY,SCHEMA,KAVACH_DB.AI,ROLE,KAVACH_ADMIN,false,ACCOUNTADMIN
KAVACH_ADMIN,2026-09-24 22:16:18.144000-07:00,CREATE INTERACTIVE TABLE,SCHEMA,KAVACH_DB.AI,ROLE,KAVACH_ADMIN,false,ACCOUNTADMIN
KAVACH_ADMIN,2026-09-24 22:16:18.510000-07:00,CREATE JOIN POLICY,SCHEMA,KAVACH_DB.AI,ROLE,KAVACH_ADMIN,false,ACCOUNTADMIN
KAVACH_ADMIN,2026-09-24 22:16:18.596000-07:00,CREATE MAINTENANCE POLICY,SCHEMA,KAVACH_DB.AI,ROLE,KAVACH_ADMIN,false,ACCOUNTADMIN
KAVACH_ADMIN,2026-09-24 22:16:18.136000-07:00,CREATE MANAGED MCP SERVER,SCHEMA,KAVACH_DB.AI,ROLE,KAVACH_ADMIN,false,ACCOUNTADMIN
KAVACH_ADMIN,2026-09-24 22:16:18.428000-07:00,CREATE MASKING POLICY,SCHEMA,KAVACH_DB.AI,ROLE,KAVACH_ADMIN,false,ACCOUNTADMIN
KAVACH_ADMIN,2026-09-24 22:16:18.370000-07:00,CREATE MATERIALIZED VIEW,SCHEMA,KAVACH_DB.AI,ROLE,KAVACH_ADMIN,false,ACCOUNTADMIN
KAVACH_ADMIN,2026-09-24 22:16:18.168000-07:00,CREATE MCP SERVER,SCHEMA,KAVACH_DB.AI,ROLE,KAVACH_ADMIN,false,ACCOUNTADMIN
KAVACH_ADMIN,2026-09-24 22:16:18.466000-07:00,CREATE MODEL,SCHEMA,KAVACH_DB.AI,ROLE,KAVACH_ADMIN,false,ACCOUNTADMIN
KAVACH_ADMIN,2026-09-24 22:16:18.539000-07:00,CREATE MODEL MONITOR,SCHEMA,KAVACH_DB.AI,ROLE,KAVACH_ADMIN,false,ACCOUNTADMIN
KAVACH_ADMIN,2026-09-24 22:16:18.287000-07:00,CREATE MULTI PARTY APPROVAL POLICY,SCHEMA,KAVACH_DB.AI,ROLE,KAVACH_ADMIN,false,ACCOUNTADMIN
KAVACH_ADMIN,2026-09-24 22:16:18.267000-07:00,CREATE NETWORK RULE,SCHEMA,KAVACH_DB.AI,ROLE,KAVACH_ADMIN,false,ACCOUNTADMIN
KAVACH_ADMIN,2026-09-24 22:16:18.224000-07:00,CREATE NOTEBOOK PROJECT,SCHEMA,KAVACH_DB.AI,ROLE,KAVACH_ADMIN,false,ACCOUNTADMIN
KAVACH_ADMIN,2026-09-24 22:16:18.629000-07:00,CREATE ONLINE FEATURE TABLE,SCHEMA,KAVACH_DB.AI,ROLE,KAVACH_ADMIN,false,ACCOUNTADMIN
KAVACH_ADMIN,2026-09-24 22:16:18.294000-07:00,CREATE OPENFLOW CONNECTOR,SCHEMA,KAVACH_DB.AI,ROLE,KAVACH_ADMIN,false,ACCOUNTADMIN
KAVACH_ADMIN,2026-09-24 22:16:18.231000-07:00,CREATE OPENFLOW RUNTIME,SCHEMA,KAVACH_DB.AI,ROLE,KAVACH_ADMIN,false,ACCOUNTADMIN
KAVACH_ADMIN,2026-09-24 22:16:18.183000-07:00,CREATE PACKAGES POLICY,SCHEMA,KAVACH_DB.AI,ROLE,KAVACH_ADMIN,false,ACCOUNTADMIN
KAVACH_ADMIN,2026-09-24 22:16:18.481000-07:00,CREATE PASSWORD POLICY,SCHEMA,KAVACH_DB.AI,ROLE,KAVACH_ADMIN,false,ACCOUNTADMIN
KAVACH_ADMIN,2026-09-24 22:16:18.121000-07:00,CREATE PIPE,SCHEMA,KAVACH_DB.AI,ROLE,KAVACH_ADMIN,false,ACCOUNTADMIN
KAVACH_ADMIN,2026-09-24 22:16:18.253000-07:00,CREATE PRIVACY POLICY,SCHEMA,KAVACH_DB.AI,ROLE,KAVACH_ADMIN,false,ACCOUNTADMIN
KAVACH_ADMIN,2026-09-24 22:16:18.443000-07:00,CREATE PROCEDURE,SCHEMA,KAVACH_DB.AI,ROLE,KAVACH_ADMIN,false,ACCOUNTADMIN
KAVACH_ADMIN,2026-09-24 22:16:18.203000-07:00,CREATE PROJECTION POLICY,SCHEMA,KAVACH_DB.AI,ROLE,KAVACH_ADMIN,false,ACCOUNTADMIN
KAVACH_ADMIN,2026-09-24 22:16:18.100000-07:00,CREATE RESOURCE GROUP,SCHEMA,KAVACH_DB.AI,ROLE,KAVACH_ADMIN,false,ACCOUNTADMIN
KAVACH_ADMIN,2026-09-24 22:16:18.571000-07:00,CREATE RESTRICTED SESSION SCOPE,SCHEMA,KAVACH_DB.AI,ROLE,KAVACH_ADMIN,false,ACCOUNTADMIN
KAVACH_ADMIN,2026-09-24 22:16:18.414000-07:00,CREATE ROW ACCESS POLICY,SCHEMA,KAVACH_DB.AI,ROLE,KAVACH_ADMIN,false,ACCOUNTADMIN
KAVACH_ADMIN,2026-09-24 22:16:18.564000-07:00,CREATE SECRET,SCHEMA,KAVACH_DB.AI,ROLE,KAVACH_ADMIN,false,ACCOUNTADMIN
KAVACH_ADMIN,2026-09-24 22:16:18.407000-07:00,CREATE SEMANTIC VIEW,SCHEMA,KAVACH_DB.AI,ROLE,KAVACH_ADMIN,false,ACCOUNTADMIN
KAVACH_ADMIN,2026-09-24 22:16:18.246000-07:00,CREATE SEQUENCE,SCHEMA,KAVACH_DB.AI,ROLE,KAVACH_ADMIN,false,ACCOUNTADMIN
KAVACH_ADMIN,2026-09-24 22:16:18.524000-07:00,CREATE SERVICE,SCHEMA,KAVACH_DB.AI,ROLE,KAVACH_ADMIN,false,ACCOUNTADMIN
KAVACH_ADMIN,2026-09-24 22:16:18.363000-07:00,CREATE SERVICE CLASS,SCHEMA,KAVACH_DB.AI,ROLE,KAVACH_ADMIN,false,ACCOUNTADMIN
KAVACH_ADMIN,2026-09-24 22:16:18.636000-07:00,CREATE SESSION POLICY,SCHEMA,KAVACH_DB.AI,ROLE,KAVACH_ADMIN,false,ACCOUNTADMIN
KAVACH_ADMIN,2026-09-24 22:16:18.707000-07:00,CREATE SNAPSHOT,SCHEMA,KAVACH_DB.AI,ROLE,KAVACH_ADMIN,false,ACCOUNTADMIN
KAVACH_ADMIN,2026-09-24 22:16:18.345000-07:00,CREATE STAGE,SCHEMA,KAVACH_DB.AI,ROLE,KAVACH_ADMIN,false,ACCOUNTADMIN
KAVACH_ADMIN,2026-09-24 22:16:18.612000-07:00,CREATE STORAGE LIFECYCLE POLICY,SCHEMA,KAVACH_DB.AI,ROLE,KAVACH_ADMIN,false,ACCOUNTADMIN
KAVACH_ADMIN,2026-09-24 22:16:18.676000-07:00,CREATE STREAM,SCHEMA,KAVACH_DB.AI,ROLE,KAVACH_ADMIN,false,ACCOUNTADMIN
KAVACH_ADMIN,2026-09-24 22:16:18.308000-07:00,CREATE STREAMLIT,SCHEMA,KAVACH_DB.AI,ROLE,KAVACH_ADMIN,false,ACCOUNTADMIN
KAVACH_ADMIN,2026-09-24 22:16:18.547000-07:00,CREATE TABLE,SCHEMA,KAVACH_DB.AI,ROLE,KAVACH_ADMIN,false,ACCOUNTADMIN
KAVACH_ADMIN,2026-09-24 22:16:18.473000-07:00,CREATE TAG,SCHEMA,KAVACH_DB.AI,ROLE,KAVACH_ADMIN,false,ACCOUNTADMIN
KAVACH_ADMIN,2026-09-24 22:16:18.715000-07:00,CREATE TASK,SCHEMA,KAVACH_DB.AI,ROLE,KAVACH_ADMIN,false,ACCOUNTADMIN
KAVACH_ADMIN,2026-09-24 22:16:18.175000-07:00,CREATE TEMPORARY TABLE,SCHEMA,KAVACH_DB.AI,ROLE,KAVACH_ADMIN,false,ACCOUNTADMIN
KAVACH_ADMIN,2026-09-24 22:16:18.153000-07:00,CREATE TYPE,SCHEMA,KAVACH_DB.AI,ROLE,KAVACH_ADMIN,false,ACCOUNTADMIN
KAVACH_ADMIN,2026-09-24 22:16:18.338000-07:00,CREATE VARIABLE,SCHEMA,KAVACH_DB.AI,ROLE,KAVACH_ADMIN,false,ACCOUNTADMIN
KAVACH_ADMIN,2026-09-24 22:16:18.128000-07:00,CREATE VIEW,SCHEMA,KAVACH_DB.AI,ROLE,KAVACH_ADMIN,false,ACCOUNTADMIN
KAVACH_ADMIN,2026-09-24 22:16:18.495000-07:00,CREATE WORKSPACE,SCHEMA,KAVACH_DB.AI,ROLE,KAVACH_ADMIN,false,ACCOUNTADMIN
KAVACH_ADMIN,2026-09-24 22:16:18.435000-07:00,CREATE ZEROCOPY CONNECTOR,SCHEMA,KAVACH_DB.AI,ROLE,KAVACH_ADMIN,false,ACCOUNTADMIN
KAVACH_ADMIN,2026-09-24 22:16:18.189000-07:00,EXECUTE AUTO CLASSIFICATION,SCHEMA,KAVACH_DB.AI,ROLE,KAVACH_ADMIN,false,ACCOUNTADMIN
KAVACH_ADMIN,2026-09-24 22:16:18.653000-07:00,MODIFY,SCHEMA,KAVACH_DB.AI,ROLE,KAVACH_ADMIN,false,ACCOUNTADMIN
KAVACH_ADMIN,2026-09-24 22:16:18.661000-07:00,MONITOR,SCHEMA,KAVACH_DB.AI,ROLE,KAVACH_ADMIN,false,ACCOUNTADMIN
KAVACH_ADMIN,2026-09-24 22:16:18.588000-07:00,USAGE,SCHEMA,KAVACH_DB.AI,ROLE,KAVACH_ADMIN,false,ACCOUNTADMIN
KAVACH_ADMIN,2026-09-24 22:16:19.109000-07:00,ADD SEARCH OPTIMIZATION,SCHEMA,KAVACH_DB.APP,ROLE,KAVACH_ADMIN,false,ACCOUNTADMIN
KAVACH_ADMIN,2026-09-24 22:16:19.415000-07:00,ADD SEMANTIC VIEW MATERIALIZATION,SCHEMA,KAVACH_DB.APP,ROLE,KAVACH_ADMIN,false,ACCOUNTADMIN
KAVACH_ADMIN,2026-09-24 22:16:18.969000-07:00,APPLYBUDGET,SCHEMA,KAVACH_DB.APP,ROLE,KAVACH_ADMIN,false,ACCOUNTADMIN
KAVACH_ADMIN,2026-09-24 22:16:19.004000-07:00,CREATE AGENT,SCHEMA,KAVACH_DB.APP,ROLE,KAVACH_ADMIN,false,ACCOUNTADMIN
KAVACH_ADMIN,2026-09-24 22:16:19.172000-07:00,CREATE AGENT TASK,SCHEMA,KAVACH_DB.APP,ROLE,KAVACH_ADMIN,false,ACCOUNTADMIN
KAVACH_ADMIN,2026-09-24 22:16:19.186000-07:00,CREATE AGGREGATION POLICY,SCHEMA,KAVACH_DB.APP,ROLE,KAVACH_ADMIN,false,ACCOUNTADMIN
KAVACH_ADMIN,2026-09-24 22:16:19.059000-07:00,CREATE ALERT,SCHEMA,KAVACH_DB.APP,ROLE,KAVACH_ADMIN,false,ACCOUNTADMIN
KAVACH_ADMIN,2026-09-24 22:16:19.129000-07:00,CREATE APPLICATION SERVICE,SCHEMA,KAVACH_DB.APP,ROLE,KAVACH_ADMIN,false,ACCOUNTADMIN
KAVACH_ADMIN,2026-09-24 22:16:19.165000-07:00,CREATE ARTIFACT REPOSITORY,SCHEMA,KAVACH_DB.APP,ROLE,KAVACH_ADMIN,false,ACCOUNTADMIN
KAVACH_ADMIN,2026-09-24 22:16:19.365000-07:00,CREATE AUTHENTICATION POLICY,SCHEMA,KAVACH_DB.APP,ROLE,KAVACH_ADMIN,false,ACCOUNTADMIN
KAVACH_ADMIN,2026-09-24 22:16:18.990000-07:00,CREATE BACKUP POLICY,SCHEMA,KAVACH_DB.APP,ROLE,KAVACH_ADMIN,false,ACCOUNTADMIN
KAVACH_ADMIN,2026-09-24 22:16:19.144000-07:00,CREATE BACKUP SET,SCHEMA,KAVACH_DB.APP,ROLE,KAVACH_ADMIN,false,ACCOUNTADMIN
KAVACH_ADMIN,2026-09-24 22:16:18.983000-07:00,CREATE CONTACT,SCHEMA,KAVACH_DB.APP,ROLE,KAVACH_ADMIN,false,ACCOUNTADMIN
KAVACH_ADMIN,2026-09-24 22:16:19.074000-07:00,CREATE CORTEX EXTENSION,SCHEMA,KAVACH_DB.APP,ROLE,KAVACH_ADMIN,false,ACCOUNTADMIN
KAVACH_ADMIN,2026-09-24 22:16:19.216000-07:00,CREATE CORTEX SEARCH SERVICE,SCHEMA,KAVACH_DB.APP,ROLE,KAVACH_ADMIN,false,ACCOUNTADMIN
KAVACH_ADMIN,2026-09-24 22:16:19.498000-07:00,CREATE DATA METRIC FUNCTION,SCHEMA,KAVACH_DB.APP,ROLE,KAVACH_ADMIN,false,ACCOUNTADMIN
KAVACH_ADMIN,2026-09-24 22:16:19.116000-07:00,CREATE DATA MOVEMENT POLICY,SCHEMA,KAVACH_DB.APP,ROLE,KAVACH_ADMIN,false,ACCOUNTADMIN
KAVACH_ADMIN,2026-09-24 22:16:19.268000-07:00,CREATE DATA MOVEMENT RULE,SCHEMA,KAVACH_DB.APP,ROLE,KAVACH_ADMIN,false,ACCOUNTADMIN
KAVACH_ADMIN,2026-09-24 22:16:19.432000-07:00,CREATE DATASET,SCHEMA,KAVACH_DB.APP,ROLE,KAVACH_ADMIN,false,ACCOUNTADMIN
KAVACH_ADMIN,2026-09-24 22:16:19.096000-07:00,CREATE DBT PROJECT,SCHEMA,KAVACH_DB.APP,ROLE,KAVACH_ADMIN,false,ACCOUNTADMIN
KAVACH_ADMIN,2026-09-24 22:16:19.090000-07:00,CREATE DCM PROJECT,SCHEMA,KAVACH_DB.APP,ROLE,KAVACH_ADMIN,false,ACCOUNTADMIN
KAVACH_ADMIN,2026-09-24 22:16:19.201000-07:00,CREATE DYNAMIC TABLE,SCHEMA,KAVACH_DB.APP,ROLE,KAVACH_ADMIN,false,ACCOUNTADMIN
KAVACH_ADMIN,2026-09-24 22:16:19.350000-07:00,CREATE EVENT TABLE,SCHEMA,KAVACH_DB.APP,ROLE,KAVACH_ADMIN,false,ACCOUNTADMIN
KAVACH_ADMIN,2026-09-24 22:16:19.018000-07:00,CREATE EXPERIMENT,SCHEMA,KAVACH_DB.APP,ROLE,KAVACH_ADMIN,false,ACCOUNTADMIN
KAVACH_ADMIN,2026-09-24 22:16:19.326000-07:00,CREATE EXTERNAL AGENT,SCHEMA,KAVACH_DB.APP,ROLE,KAVACH_ADMIN,false,ACCOUNTADMIN
KAVACH_ADMIN,2026-09-24 22:16:19.311000-07:00,CREATE EXTERNAL MCP SERVER,SCHEMA,KAVACH_DB.APP,ROLE,KAVACH_ADMIN,false,ACCOUNTADMIN
KAVACH_ADMIN,2026-09-24 22:16:19.440000-07:00,CREATE EXTERNAL TABLE,SCHEMA,KAVACH_DB.APP,ROLE,KAVACH_ADMIN,false,ACCOUNTADMIN
KAVACH_ADMIN,2026-09-24 22:16:19.289000-07:00,CREATE FEATURE POLICY,SCHEMA,KAVACH_DB.APP,ROLE,KAVACH_ADMIN,false,ACCOUNTADMIN
KAVACH_ADMIN,2026-09-24 22:16:19.318000-07:00,CREATE FILE FORMAT,SCHEMA,KAVACH_DB.APP,ROLE,KAVACH_ADMIN,false,ACCOUNTADMIN
KAVACH_ADMIN,2026-09-24 22:16:19.506000-07:00,CREATE FUNCTION,SCHEMA,KAVACH_DB.APP,ROLE,KAVACH_ADMIN,false,ACCOUNTADMIN
KAVACH_ADMIN,2026-09-24 22:16:19.481000-07:00,CREATE GATEWAY,SCHEMA,KAVACH_DB.APP,ROLE,KAVACH_ADMIN,false,ACCOUNTADMIN
KAVACH_ADMIN,2026-09-24 22:16:18.997000-07:00,CREATE GIT REPOSITORY,SCHEMA,KAVACH_DB.APP,ROLE,KAVACH_ADMIN,false,ACCOUNTADMIN
KAVACH_ADMIN,2026-09-24 22:16:19.237000-07:00,CREATE HYBRID TABLE,SCHEMA,KAVACH_DB.APP,ROLE,KAVACH_ADMIN,false,ACCOUNTADMIN
KAVACH_ADMIN,2026-09-24 22:16:19.571000-07:00,CREATE ICEBERG TABLE,SCHEMA,KAVACH_DB.APP,ROLE,KAVACH_ADMIN,false,ACCOUNTADMIN
KAVACH_ADMIN,2026-09-24 22:16:19.245000-07:00,CREATE IMAGE REPOSITORY,SCHEMA,KAVACH_DB.APP,ROLE,KAVACH_ADMIN,false,ACCOUNTADMIN
KAVACH_ADMIN,2026-09-24 22:16:19.103000-07:00,CREATE INTERACTIVE TABLE,SCHEMA,KAVACH_DB.APP,ROLE,KAVACH_ADMIN,false,ACCOUNTADMIN
KAVACH_ADMIN,2026-09-24 22:16:19.342000-07:00,CREATE JOIN POLICY,SCHEMA,KAVACH_DB.APP,ROLE,KAVACH_ADMIN,false,ACCOUNTADMIN
KAVACH_ADMIN,2026-09-24 22:16:19.489000-07:00,CREATE MAINTENANCE POLICY,SCHEMA,KAVACH_DB.APP,ROLE,KAVACH_ADMIN,false,ACCOUNTADMIN
KAVACH_ADMIN,2026-09-24 22:16:19.066000-07:00,CREATE MANAGED MCP SERVER,SCHEMA,KAVACH_DB.APP,ROLE,KAVACH_ADMIN,false,ACCOUNTADMIN
KAVACH_ADMIN,2026-09-24 22:16:19.456000-07:00,CREATE MASKING POLICY,SCHEMA,KAVACH_DB.APP,ROLE,KAVACH_ADMIN,false,ACCOUNTADMIN
KAVACH_ADMIN,2026-09-24 22:16:19.406000-07:00,CREATE MATERIALIZED VIEW,SCHEMA,KAVACH_DB.APP,ROLE,KAVACH_ADMIN,false,ACCOUNTADMIN
KAVACH_ADMIN,2026-09-24 22:16:19.052000-07:00,CREATE MCP SERVER,SCHEMA,KAVACH_DB.APP,ROLE,KAVACH_ADMIN,false,ACCOUNTADMIN
KAVACH_ADMIN,2026-09-24 22:16:19.303000-07:00,CREATE MODEL,SCHEMA,KAVACH_DB.APP,ROLE,KAVACH_ADMIN,false,ACCOUNTADMIN
KAVACH_ADMIN,2026-09-24 22:16:19.274000-07:00,CREATE MODEL MONITOR,SCHEMA,KAVACH_DB.APP,ROLE,KAVACH_ADMIN,false,ACCOUNTADMIN
KAVACH_ADMIN,2026-09-24 22:16:19.598000-07:00,CREATE MULTI PARTY APPROVAL POLICY,SCHEMA,KAVACH_DB.APP,ROLE,KAVACH_ADMIN,false,ACCOUNTADMIN
KAVACH_ADMIN,2026-09-24 22:16:18.961000-07:00,CREATE NETWORK RULE,SCHEMA,KAVACH_DB.APP,ROLE,KAVACH_ADMIN,false,ACCOUNTADMIN
KAVACH_ADMIN,2026-09-24 22:16:19.223000-07:00,CREATE NOTEBOOK PROJECT,SCHEMA,KAVACH_DB.APP,ROLE,KAVACH_ADMIN,false,ACCOUNTADMIN
KAVACH_ADMIN,2026-09-24 22:16:19.538000-07:00,CREATE ONLINE FEATURE TABLE,SCHEMA,KAVACH_DB.APP,ROLE,KAVACH_ADMIN,false,ACCOUNTADMIN
KAVACH_ADMIN,2026-09-24 22:16:19.158000-07:00,CREATE OPENFLOW CONNECTOR,SCHEMA,KAVACH_DB.APP,ROLE,KAVACH_ADMIN,false,ACCOUNTADMIN
KAVACH_ADMIN,2026-09-24 22:16:19.230000-07:00,CREATE OPENFLOW RUNTIME,SCHEMA,KAVACH_DB.APP,ROLE,KAVACH_ADMIN,false,ACCOUNTADMIN
KAVACH_ADMIN,2026-09-24 22:16:19.038000-07:00,CREATE PACKAGES POLICY,SCHEMA,KAVACH_DB.APP,ROLE,KAVACH_ADMIN,false,ACCOUNTADMIN
KAVACH_ADMIN,2026-09-24 22:16:19.281000-07:00,CREATE PASSWORD POLICY,SCHEMA,KAVACH_DB.APP,ROLE,KAVACH_ADMIN,false,ACCOUNTADMIN
KAVACH_ADMIN,2026-09-24 22:16:19.563000-07:00,CREATE PIPE,SCHEMA,KAVACH_DB.APP,ROLE,KAVACH_ADMIN,false,ACCOUNTADMIN
KAVACH_ADMIN,2026-09-24 22:16:19.208000-07:00,CREATE PRIVACY POLICY,SCHEMA,KAVACH_DB.APP,ROLE,KAVACH_ADMIN,false,ACCOUNTADMIN
KAVACH_ADMIN,2026-09-24 22:16:19.465000-07:00,CREATE PROCEDURE,SCHEMA,KAVACH_DB.APP,ROLE,KAVACH_ADMIN,false,ACCOUNTADMIN
KAVACH_ADMIN,2026-09-24 22:16:19.024000-07:00,CREATE PROJECTION POLICY,SCHEMA,KAVACH_DB.APP,ROLE,KAVACH_ADMIN,false,ACCOUNTADMIN
KAVACH_ADMIN,2026-09-24 22:16:19.011000-07:00,CREATE RESOURCE GROUP,SCHEMA,KAVACH_DB.APP,ROLE,KAVACH_ADMIN,false,ACCOUNTADMIN
KAVACH_ADMIN,2026-09-24 22:16:19.589000-07:00,CREATE RESTRICTED SESSION SCOPE,SCHEMA,KAVACH_DB.APP,ROLE,KAVACH_ADMIN,false,ACCOUNTADMIN
KAVACH_ADMIN,2026-09-24 22:16:19.374000-07:00,CREATE ROW ACCESS POLICY,SCHEMA,KAVACH_DB.APP,ROLE,KAVACH_ADMIN,false,ACCOUNTADMIN
KAVACH_ADMIN,2026-09-24 22:16:19.580000-07:00,CREATE SECRET,SCHEMA,KAVACH_DB.APP,ROLE,KAVACH_ADMIN,false,ACCOUNTADMIN
KAVACH_ADMIN,2026-09-24 22:16:19.398000-07:00,CREATE SEMANTIC VIEW,SCHEMA,KAVACH_DB.APP,ROLE,KAVACH_ADMIN,false,ACCOUNTADMIN
KAVACH_ADMIN,2026-09-24 22:16:19.032000-07:00,CREATE SEQUENCE,SCHEMA,KAVACH_DB.APP,ROLE,KAVACH_ADMIN,false,ACCOUNTADMIN
KAVACH_ADMIN,2026-09-24 22:16:19.335000-07:00,CREATE SERVICE,SCHEMA,KAVACH_DB.APP,ROLE,KAVACH_ADMIN,false,ACCOUNTADMIN
KAVACH_ADMIN,2026-09-24 22:16:19.179000-07:00,CREATE SERVICE CLASS,SCHEMA,KAVACH_DB.APP,ROLE,KAVACH_ADMIN,false,ACCOUNTADMIN
KAVACH_ADMIN,2026-09-24 22:16:19.045000-07:00,CREATE SESSION POLICY,SCHEMA,KAVACH_DB.APP,ROLE,KAVACH_ADMIN,false,ACCOUNTADMIN
KAVACH_ADMIN,2026-09-24 22:16:19.357000-07:00,CREATE SNAPSHOT,SCHEMA,KAVACH_DB.APP,ROLE,KAVACH_ADMIN,false,ACCOUNTADMIN
KAVACH_ADMIN,2026-09-24 22:16:19.383000-07:00,CREATE STAGE,SCHEMA,KAVACH_DB.APP,ROLE,KAVACH_ADMIN,false,ACCOUNTADMIN
KAVACH_ADMIN,2026-09-24 22:16:19.473000-07:00,CREATE STORAGE LIFECYCLE POLICY,SCHEMA,KAVACH_DB.APP,ROLE,KAVACH_ADMIN,false,ACCOUNTADMIN
KAVACH_ADMIN,2026-09-24 22:16:19.082000-07:00,CREATE STREAM,SCHEMA,KAVACH_DB.APP,ROLE,KAVACH_ADMIN,false,ACCOUNTADMIN
KAVACH_ADMIN,2026-09-24 22:16:19.136000-07:00,CREATE STREAMLIT,SCHEMA,KAVACH_DB.APP,ROLE,KAVACH_ADMIN,false,ACCOUNTADMIN
KAVACH_ADMIN,2026-09-24 22:16:19.260000-07:00,CREATE TABLE,SCHEMA,KAVACH_DB.APP,ROLE,KAVACH_ADMIN,false,ACCOUNTADMIN
KAVACH_ADMIN,2026-09-24 22:16:19.296000-07:00,CREATE TAG,SCHEMA,KAVACH_DB.APP,ROLE,KAVACH_ADMIN,false,ACCOUNTADMIN
KAVACH_ADMIN,2026-09-24 22:16:19.151000-07:00,CREATE TASK,SCHEMA,KAVACH_DB.APP,ROLE,KAVACH_ADMIN,false,ACCOUNTADMIN
KAVACH_ADMIN,2026-09-24 22:16:19.554000-07:00,CREATE TEMPORARY TABLE,SCHEMA,KAVACH_DB.APP,ROLE,KAVACH_ADMIN,false,ACCOUNTADMIN
KAVACH_ADMIN,2026-09-24 22:16:18.954000-07:00,CREATE TYPE,SCHEMA,KAVACH_DB.APP,ROLE,KAVACH_ADMIN,false,ACCOUNTADMIN
KAVACH_ADMIN,2026-09-24 22:16:19.123000-07:00,CREATE VARIABLE,SCHEMA,KAVACH_DB.APP,ROLE,KAVACH_ADMIN,false,ACCOUNTADMIN
KAVACH_ADMIN,2026-09-24 22:16:18.976000-07:00,CREATE VIEW,SCHEMA,KAVACH_DB.APP,ROLE,KAVACH_ADMIN,false,ACCOUNTADMIN
KAVACH_ADMIN,2026-09-24 22:16:19.194000-07:00,CREATE WORKSPACE,SCHEMA,KAVACH_DB.APP,ROLE,KAVACH_ADMIN,false,ACCOUNTADMIN
KAVACH_ADMIN,2026-09-24 22:16:19.425000-07:00,CREATE ZEROCOPY CONNECTOR,SCHEMA,KAVACH_DB.APP,ROLE,KAVACH_ADMIN,false,ACCOUNTADMIN
KAVACH_ADMIN,2026-09-24 22:16:19.546000-07:00,EXECUTE AUTO CLASSIFICATION,SCHEMA,KAVACH_DB.APP,ROLE,KAVACH_ADMIN,false,ACCOUNTADMIN
KAVACH_ADMIN,2026-09-24 22:16:19.390000-07:00,MODIFY,SCHEMA,KAVACH_DB.APP,ROLE,KAVACH_ADMIN,false,ACCOUNTADMIN
KAVACH_ADMIN,2026-09-24 22:16:19.448000-07:00,MONITOR,SCHEMA,KAVACH_DB.APP,ROLE,KAVACH_ADMIN,false,ACCOUNTADMIN
KAVACH_ADMIN,2026-09-24 22:16:19.252000-07:00,USAGE,SCHEMA,KAVACH_DB.APP,ROLE,KAVACH_ADMIN,false,ACCOUNTADMIN
KAVACH_ADMIN,2026-09-24 22:16:20.475000-07:00,ADD SEARCH OPTIMIZATION,SCHEMA,KAVACH_DB.AUDIT,ROLE,KAVACH_ADMIN,false,ACCOUNTADMIN
KAVACH_ADMIN,2026-09-24 22:16:20.161000-07:00,ADD SEMANTIC VIEW MATERIALIZATION,SCHEMA,KAVACH_DB.AUDIT,ROLE,KAVACH_ADMIN,false,ACCOUNTADMIN
KAVACH_ADMIN,2026-09-24 22:16:19.927000-07:00,APPLYBUDGET,SCHEMA,KAVACH_DB.AUDIT,ROLE,KAVACH_ADMIN,false,ACCOUNTADMIN
KAVACH_ADMIN,2026-09-24 22:16:19.978000-07:00,CREATE AGENT,SCHEMA,KAVACH_DB.AUDIT,ROLE,KAVACH_ADMIN,false,ACCOUNTADMIN
KAVACH_ADMIN,2026-09-24 22:16:20.423000-07:00,CREATE AGENT TASK,SCHEMA,KAVACH_DB.AUDIT,ROLE,KAVACH_ADMIN,false,ACCOUNTADMIN
KAVACH_ADMIN,2026-09-24 22:16:20.131000-07:00,CREATE AGGREGATION POLICY,SCHEMA,KAVACH_DB.AUDIT,ROLE,KAVACH_ADMIN,false,ACCOUNTADMIN
KAVACH_ADMIN,2026-09-24 22:16:20.399000-07:00,CREATE ALERT,SCHEMA,KAVACH_DB.AUDIT,ROLE,KAVACH_ADMIN,false,ACCOUNTADMIN
KAVACH_ADMIN,2026-09-24 22:16:20.101000-07:00,CREATE APPLICATION SERVICE,SCHEMA,KAVACH_DB.AUDIT,ROLE,KAVACH_ADMIN,false,ACCOUNTADMIN
KAVACH_ADMIN,2026-09-24 22:16:20.053000-07:00,CREATE ARTIFACT REPOSITORY,SCHEMA,KAVACH_DB.AUDIT,ROLE,KAVACH_ADMIN,false,ACCOUNTADMIN
KAVACH_ADMIN,2026-09-24 22:16:20.168000-07:00,CREATE AUTHENTICATION POLICY,SCHEMA,KAVACH_DB.AUDIT,ROLE,KAVACH_ADMIN,false,ACCOUNTADMIN
KAVACH_ADMIN,2026-09-24 22:16:19.881000-07:00,CREATE BACKUP POLICY,SCHEMA,KAVACH_DB.AUDIT,ROLE,KAVACH_ADMIN,false,ACCOUNTADMIN
KAVACH_ADMIN,2026-09-24 22:16:20.090000-07:00,CREATE BACKUP SET,SCHEMA,KAVACH_DB.AUDIT,ROLE,KAVACH_ADMIN,false,ACCOUNTADMIN
KAVACH_ADMIN,2026-09-24 22:16:20.045000-07:00,CREATE CONTACT,SCHEMA,KAVACH_DB.AUDIT,ROLE,KAVACH_ADMIN,false,ACCOUNTADMIN
KAVACH_ADMIN,2026-09-24 22:16:20.468000-07:00,CREATE CORTEX EXTENSION,SCHEMA,KAVACH_DB.AUDIT,ROLE,KAVACH_ADMIN,false,ACCOUNTADMIN
KAVACH_ADMIN,2026-09-24 22:16:20.008000-07:00,CREATE CORTEX SEARCH SERVICE,SCHEMA,KAVACH_DB.AUDIT,ROLE,KAVACH_ADMIN,false,ACCOUNTADMIN
KAVACH_ADMIN,2026-09-24 22:16:20.385000-07:00,CREATE DATA METRIC FUNCTION,SCHEMA,KAVACH_DB.AUDIT,ROLE,KAVACH_ADMIN,false,ACCOUNTADMIN
KAVACH_ADMIN,2026-09-24 22:16:20.108000-07:00,CREATE DATA MOVEMENT POLICY,SCHEMA,KAVACH_DB.AUDIT,ROLE,KAVACH_ADMIN,false,ACCOUNTADMIN
KAVACH_ADMIN,2026-09-24 22:16:20.032000-07:00,CREATE DATA MOVEMENT RULE,SCHEMA,KAVACH_DB.AUDIT,ROLE,KAVACH_ADMIN,false,ACCOUNTADMIN
KAVACH_ADMIN,2026-09-24 22:16:20.075000-07:00,CREATE DATASET,SCHEMA,KAVACH_DB.AUDIT,ROLE,KAVACH_ADMIN,false,ACCOUNTADMIN
KAVACH_ADMIN,2026-09-24 22:16:20.446000-07:00,CREATE DBT PROJECT,SCHEMA,KAVACH_DB.AUDIT,ROLE,KAVACH_ADMIN,false,ACCOUNTADMIN
KAVACH_ADMIN,2026-09-24 22:16:20.461000-07:00,CREATE DCM PROJECT,SCHEMA,KAVACH_DB.AUDIT,ROLE,KAVACH_ADMIN,false,ACCOUNTADMIN
KAVACH_ADMIN,2026-09-24 22:16:20.284000-07:00,CREATE DYNAMIC TABLE,SCHEMA,KAVACH_DB.AUDIT,ROLE,KAVACH_ADMIN,false,ACCOUNTADMIN
KAVACH_ADMIN,2026-09-24 22:16:20.268000-07:00,CREATE EVENT TABLE,SCHEMA,KAVACH_DB.AUDIT,ROLE,KAVACH_ADMIN,false,ACCOUNTADMIN
KAVACH_ADMIN,2026-09-24 22:16:19.963000-07:00,CREATE EXPERIMENT,SCHEMA,KAVACH_DB.AUDIT,ROLE,KAVACH_ADMIN,false,ACCOUNTADMIN
KAVACH_ADMIN,2026-09-24 22:16:20.301000-07:00,CREATE EXTERNAL AGENT,SCHEMA,KAVACH_DB.AUDIT,ROLE,KAVACH_ADMIN,false,ACCOUNTADMIN
KAVACH_ADMIN,2026-09-24 22:16:20.339000-07:00,CREATE EXTERNAL MCP SERVER,SCHEMA,KAVACH_DB.AUDIT,ROLE,KAVACH_ADMIN,false,ACCOUNTADMIN
KAVACH_ADMIN,2026-09-24 22:16:20.197000-07:00,CREATE EXTERNAL TABLE,SCHEMA,KAVACH_DB.AUDIT,ROLE,KAVACH_ADMIN,false,ACCOUNTADMIN
KAVACH_ADMIN,2026-09-24 22:16:20.316000-07:00,CREATE FEATURE POLICY,SCHEMA,KAVACH_DB.AUDIT,ROLE,KAVACH_ADMIN,false,ACCOUNTADMIN
KAVACH_ADMIN,2026-09-24 22:16:20.363000-07:00,CREATE FILE FORMAT,SCHEMA,KAVACH_DB.AUDIT,ROLE,KAVACH_ADMIN,false,ACCOUNTADMIN
KAVACH_ADMIN,2026-09-24 22:16:20.176000-07:00,CREATE FUNCTION,SCHEMA,KAVACH_DB.AUDIT,ROLE,KAVACH_ADMIN,false,ACCOUNTADMIN
KAVACH_ADMIN,2026-09-24 22:16:20.153000-07:00,CREATE GATEWAY,SCHEMA,KAVACH_DB.AUDIT,ROLE,KAVACH_ADMIN,false,ACCOUNTADMIN
KAVACH_ADMIN,2026-09-24 22:16:19.986000-07:00,CREATE GIT REPOSITORY,SCHEMA,KAVACH_DB.AUDIT,ROLE,KAVACH_ADMIN,false,ACCOUNTADMIN
KAVACH_ADMIN,2026-09-24 22:16:20.236000-07:00,CREATE HYBRID TABLE,SCHEMA,KAVACH_DB.AUDIT,ROLE,KAVACH_ADMIN,false,ACCOUNTADMIN
KAVACH_ADMIN,2026-09-24 22:16:19.874000-07:00,CREATE ICEBERG TABLE,SCHEMA,KAVACH_DB.AUDIT,ROLE,KAVACH_ADMIN,false,ACCOUNTADMIN
KAVACH_ADMIN,2026-09-24 22:16:20.228000-07:00,CREATE IMAGE REPOSITORY,SCHEMA,KAVACH_DB.AUDIT,ROLE,KAVACH_ADMIN,false,ACCOUNTADMIN
KAVACH_ADMIN,2026-09-24 22:16:19.911000-07:00,CREATE INTERACTIVE TABLE,SCHEMA,KAVACH_DB.AUDIT,ROLE,KAVACH_ADMIN,false,ACCOUNTADMIN
KAVACH_ADMIN,2026-09-24 22:16:20.294000-07:00,CREATE JOIN POLICY,SCHEMA,KAVACH_DB.AUDIT,ROLE,KAVACH_ADMIN,false,ACCOUNTADMIN
KAVACH_ADMIN,2026-09-24 22:16:20.378000-07:00,CREATE MAINTENANCE POLICY,SCHEMA,KAVACH_DB.AUDIT,ROLE,KAVACH_ADMIN,false,ACCOUNTADMIN
KAVACH_ADMIN,2026-09-24 22:16:19.904000-07:00,CREATE MANAGED MCP SERVER,SCHEMA,KAVACH_DB.AUDIT,ROLE,KAVACH_ADMIN,false,ACCOUNTADMIN
KAVACH_ADMIN,2026-09-24 22:16:20.204000-07:00,CREATE MASKING POLICY,SCHEMA,KAVACH_DB.AUDIT,ROLE,KAVACH_ADMIN,false,ACCOUNTADMIN
KAVACH_ADMIN,2026-09-24 22:16:20.145000-07:00,CREATE MATERIALIZED VIEW,SCHEMA,KAVACH_DB.AUDIT,ROLE,KAVACH_ADMIN,false,ACCOUNTADMIN
KAVACH_ADMIN,2026-09-24 22:16:19.934000-07:00,CREATE MCP SERVER,SCHEMA,KAVACH_DB.AUDIT,ROLE,KAVACH_ADMIN,false,ACCOUNTADMIN
KAVACH_ADMIN,2026-09-24 22:16:20.244000-07:00,CREATE MODEL,SCHEMA,KAVACH_DB.AUDIT,ROLE,KAVACH_ADMIN,false,ACCOUNTADMIN
KAVACH_ADMIN,2026-09-24 22:16:20.323000-07:00,CREATE MODEL MONITOR,SCHEMA,KAVACH_DB.AUDIT,ROLE,KAVACH_ADMIN,false,ACCOUNTADMIN
KAVACH_ADMIN,2026-09-24 22:16:20.061000-07:00,CREATE MULTI PARTY APPROVAL POLICY,SCHEMA,KAVACH_DB.AUDIT,ROLE,KAVACH_ADMIN,false,ACCOUNTADMIN
KAVACH_ADMIN,2026-09-24 22:16:20.039000-07:00,CREATE NETWORK RULE,SCHEMA,KAVACH_DB.AUDIT,ROLE,KAVACH_ADMIN,false,ACCOUNTADMIN
KAVACH_ADMIN,2026-09-24 22:16:19.993000-07:00,CREATE NOTEBOOK PROJECT,SCHEMA,KAVACH_DB.AUDIT,ROLE,KAVACH_ADMIN,false,ACCOUNTADMIN
KAVACH_ADMIN,2026-09-24 22:16:20.408000-07:00,CREATE ONLINE FEATURE TABLE,SCHEMA,KAVACH_DB.AUDIT,ROLE,KAVACH_ADMIN,false,ACCOUNTADMIN
KAVACH_ADMIN,2026-09-24 22:16:20.068000-07:00,CREATE OPENFLOW CONNECTOR,SCHEMA,KAVACH_DB.AUDIT,ROLE,KAVACH_ADMIN,false,ACCOUNTADMIN
KAVACH_ADMIN,2026-09-24 22:16:20.001000-07:00,CREATE OPENFLOW RUNTIME,SCHEMA,KAVACH_DB.AUDIT,ROLE,KAVACH_ADMIN,false,ACCOUNTADMIN
KAVACH_ADMIN,2026-09-24 22:16:19.949000-07:00,CREATE PACKAGES POLICY,SCHEMA,KAVACH_DB.AUDIT,ROLE,KAVACH_ADMIN,false,ACCOUNTADMIN
KAVACH_ADMIN,2026-09-24 22:16:20.261000-07:00,CREATE PASSWORD POLICY,SCHEMA,KAVACH_DB.AUDIT,ROLE,KAVACH_ADMIN,false,ACCOUNTADMIN
KAVACH_ADMIN,2026-09-24 22:16:19.889000-07:00,CREATE PIPE,SCHEMA,KAVACH_DB.AUDIT,ROLE,KAVACH_ADMIN,false,ACCOUNTADMIN
KAVACH_ADMIN,2026-09-24 22:16:20.022000-07:00,CREATE PRIVACY POLICY,SCHEMA,KAVACH_DB.AUDIT,ROLE,KAVACH_ADMIN,false,ACCOUNTADMIN
KAVACH_ADMIN,2026-09-24 22:16:20.218000-07:00,CREATE PROCEDURE,SCHEMA,KAVACH_DB.AUDIT,ROLE,KAVACH_ADMIN,false,ACCOUNTADMIN
KAVACH_ADMIN,2026-09-24 22:16:19.970000-07:00,CREATE PROJECTION POLICY,SCHEMA,KAVACH_DB.AUDIT,ROLE,KAVACH_ADMIN,false,ACCOUNTADMIN
KAVACH_ADMIN,2026-09-24 22:16:19.868000-07:00,CREATE RESOURCE GROUP,SCHEMA,KAVACH_DB.AUDIT,ROLE,KAVACH_ADMIN,false,ACCOUNTADMIN
KAVACH_ADMIN,2026-09-24 22:16:20.353000-07:00,CREATE RESTRICTED SESSION SCOPE,SCHEMA,KAVACH_DB.AUDIT,ROLE,KAVACH_ADMIN,false,ACCOUNTADMIN
KAVACH_ADMIN,2026-09-24 22:16:20.190000-07:00,CREATE ROW ACCESS POLICY,SCHEMA,KAVACH_DB.AUDIT,ROLE,KAVACH_ADMIN,false,ACCOUNTADMIN
KAVACH_ADMIN,2026-09-24 22:16:20.346000-07:00,CREATE SECRET,SCHEMA,KAVACH_DB.AUDIT,ROLE,KAVACH_ADMIN,false,ACCOUNTADMIN
KAVACH_ADMIN,2026-09-24 22:16:20.183000-07:00,CREATE SEMANTIC VIEW,SCHEMA,KAVACH_DB.AUDIT,ROLE,KAVACH_ADMIN,false,ACCOUNTADMIN
KAVACH_ADMIN,2026-09-24 22:16:20.015000-07:00,CREATE SEQUENCE,SCHEMA,KAVACH_DB.AUDIT,ROLE,KAVACH_ADMIN,false,ACCOUNTADMIN
KAVACH_ADMIN,2026-09-24 22:16:20.308000-07:00,CREATE SERVICE,SCHEMA,KAVACH_DB.AUDIT,ROLE,KAVACH_ADMIN,false,ACCOUNTADMIN
KAVACH_ADMIN,2026-09-24 22:16:20.138000-07:00,CREATE SERVICE CLASS,SCHEMA,KAVACH_DB.AUDIT,ROLE,KAVACH_ADMIN,false,ACCOUNTADMIN
KAVACH_ADMIN,2026-09-24 22:16:20.416000-07:00,CREATE SESSION POLICY,SCHEMA,KAVACH_DB.AUDIT,ROLE,KAVACH_ADMIN,false,ACCOUNTADMIN
KAVACH_ADMIN,2026-09-24 22:16:20.482000-07:00,CREATE SNAPSHOT,SCHEMA,KAVACH_DB.AUDIT,ROLE,KAVACH_ADMIN,false,ACCOUNTADMIN
KAVACH_ADMIN,2026-09-24 22:16:20.124000-07:00,CREATE STAGE,SCHEMA,KAVACH_DB.AUDIT,ROLE,KAVACH_ADMIN,false,ACCOUNTADMIN
KAVACH_ADMIN,2026-09-24 22:16:20.391000-07:00,CREATE STORAGE LIFECYCLE POLICY,SCHEMA,KAVACH_DB.AUDIT,ROLE,KAVACH_ADMIN,false,ACCOUNTADMIN
KAVACH_ADMIN,2026-09-24 22:16:20.454000-07:00,CREATE STREAM,SCHEMA,KAVACH_DB.AUDIT,ROLE,KAVACH_ADMIN,false,ACCOUNTADMIN
KAVACH_ADMIN,2026-09-24 22:16:20.083000-07:00,CREATE STREAMLIT,SCHEMA,KAVACH_DB.AUDIT,ROLE,KAVACH_ADMIN,false,ACCOUNTADMIN
KAVACH_ADMIN,2026-09-24 22:16:20.331000-07:00,CREATE TABLE,SCHEMA,KAVACH_DB.AUDIT,ROLE,KAVACH_ADMIN,false,ACCOUNTADMIN
KAVACH_ADMIN,2026-09-24 22:16:20.252000-07:00,CREATE TAG,SCHEMA,KAVACH_DB.AUDIT,ROLE,KAVACH_ADMIN,false,ACCOUNTADMIN
KAVACH_ADMIN,2026-09-24 22:16:20.489000-07:00,CREATE TASK,SCHEMA,KAVACH_DB.AUDIT,ROLE,KAVACH_ADMIN,false,ACCOUNTADMIN
KAVACH_ADMIN,2026-09-24 22:16:19.942000-07:00,CREATE TEMPORARY TABLE,SCHEMA,KAVACH_DB.AUDIT,ROLE,KAVACH_ADMIN,false,ACCOUNTADMIN
KAVACH_ADMIN,2026-09-24 22:16:19.920000-07:00,CREATE TYPE,SCHEMA,KAVACH_DB.AUDIT,ROLE,KAVACH_ADMIN,false,ACCOUNTADMIN
KAVACH_ADMIN,2026-09-24 22:16:20.117000-07:00,CREATE VARIABLE,SCHEMA,KAVACH_DB.AUDIT,ROLE,KAVACH_ADMIN,false,ACCOUNTADMIN
KAVACH_ADMIN,2026-09-24 22:16:19.896000-07:00,CREATE VIEW,SCHEMA,KAVACH_DB.AUDIT,ROLE,KAVACH_ADMIN,false,ACCOUNTADMIN
KAVACH_ADMIN,2026-09-24 22:16:20.276000-07:00,CREATE WORKSPACE,SCHEMA,KAVACH_DB.AUDIT,ROLE,KAVACH_ADMIN,false,ACCOUNTADMIN
KAVACH_ADMIN,2026-09-24 22:16:20.212000-07:00,CREATE ZEROCOPY CONNECTOR,SCHEMA,KAVACH_DB.AUDIT,ROLE,KAVACH_ADMIN,false,ACCOUNTADMIN
KAVACH_ADMIN,2026-09-24 22:16:19.957000-07:00,EXECUTE AUTO CLASSIFICATION,SCHEMA,KAVACH_DB.AUDIT,ROLE,KAVACH_ADMIN,false,ACCOUNTADMIN
KAVACH_ADMIN,2026-09-24 22:16:20.431000-07:00,MODIFY,SCHEMA,KAVACH_DB.AUDIT,ROLE,KAVACH_ADMIN,false,ACCOUNTADMIN
KAVACH_ADMIN,2026-09-24 22:16:20.438000-07:00,MONITOR,SCHEMA,KAVACH_DB.AUDIT,ROLE,KAVACH_ADMIN,false,ACCOUNTADMIN
KAVACH_ADMIN,2026-09-24 22:16:20.371000-07:00,USAGE,SCHEMA,KAVACH_DB.AUDIT,ROLE,KAVACH_ADMIN,false,ACCOUNTADMIN
KAVACH_ADMIN,2026-09-24 22:16:16.099000-07:00,ADD SEARCH OPTIMIZATION,SCHEMA,KAVACH_DB.CORE,ROLE,KAVACH_ADMIN,false,ACCOUNTADMIN
KAVACH_ADMIN,2026-09-24 22:16:15.783000-07:00,ADD SEMANTIC VIEW MATERIALIZATION,SCHEMA,KAVACH_DB.CORE,ROLE,KAVACH_ADMIN,false,ACCOUNTADMIN
KAVACH_ADMIN,2026-09-24 22:16:15.544000-07:00,APPLYBUDGET,SCHEMA,KAVACH_DB.CORE,ROLE,KAVACH_ADMIN,false,ACCOUNTADMIN
KAVACH_ADMIN,2026-09-24 22:16:15.596000-07:00,CREATE AGENT,SCHEMA,KAVACH_DB.CORE,ROLE,KAVACH_ADMIN,false,ACCOUNTADMIN
KAVACH_ADMIN,2026-09-24 22:16:16.044000-07:00,CREATE AGENT TASK,SCHEMA,KAVACH_DB.CORE,ROLE,KAVACH_ADMIN,false,ACCOUNTADMIN
KAVACH_ADMIN,2026-09-24 22:16:15.754000-07:00,CREATE AGGREGATION POLICY,SCHEMA,KAVACH_DB.CORE,ROLE,KAVACH_ADMIN,false,ACCOUNTADMIN
KAVACH_ADMIN,2026-09-24 22:16:16.020000-07:00,CREATE ALERT,SCHEMA,KAVACH_DB.CORE,ROLE,KAVACH_ADMIN,false,ACCOUNTADMIN
KAVACH_ADMIN,2026-09-24 22:16:15.724000-07:00,CREATE APPLICATION SERVICE,SCHEMA,KAVACH_DB.CORE,ROLE,KAVACH_ADMIN,false,ACCOUNTADMIN
KAVACH_ADMIN,2026-09-24 22:16:15.677000-07:00,CREATE ARTIFACT REPOSITORY,SCHEMA,KAVACH_DB.CORE,ROLE,KAVACH_ADMIN,false,ACCOUNTADMIN
KAVACH_ADMIN,2026-09-24 22:16:15.790000-07:00,CREATE AUTHENTICATION POLICY,SCHEMA,KAVACH_DB.CORE,ROLE,KAVACH_ADMIN,false,ACCOUNTADMIN
KAVACH_ADMIN,2026-09-24 22:16:15.501000-07:00,CREATE BACKUP POLICY,SCHEMA,KAVACH_DB.CORE,ROLE,KAVACH_ADMIN,false,ACCOUNTADMIN
KAVACH_ADMIN,2026-09-24 22:16:15.717000-07:00,CREATE BACKUP SET,SCHEMA,KAVACH_DB.CORE,ROLE,KAVACH_ADMIN,false,ACCOUNTADMIN
KAVACH_ADMIN,2026-09-24 22:16:15.671000-07:00,CREATE CONTACT,SCHEMA,KAVACH_DB.CORE,ROLE,KAVACH_ADMIN,false,ACCOUNTADMIN
KAVACH_ADMIN,2026-09-24 22:16:16.091000-07:00,CREATE CORTEX EXTENSION,SCHEMA,KAVACH_DB.CORE,ROLE,KAVACH_ADMIN,false,ACCOUNTADMIN
KAVACH_ADMIN,2026-09-24 22:16:15.631000-07:00,CREATE CORTEX SEARCH SERVICE,SCHEMA,KAVACH_DB.CORE,ROLE,KAVACH_ADMIN,false,ACCOUNTADMIN
KAVACH_ADMIN,2026-09-24 22:16:16.005000-07:00,CREATE DATA METRIC FUNCTION,SCHEMA,KAVACH_DB.CORE,ROLE,KAVACH_ADMIN,false,ACCOUNTADMIN
KAVACH_ADMIN,2026-09-24 22:16:15.732000-07:00,CREATE DATA MOVEMENT POLICY,SCHEMA,KAVACH_DB.CORE,ROLE,KAVACH_ADMIN,false,ACCOUNTADMIN
KAVACH_ADMIN,2026-09-24 22:16:15.655000-07:00,CREATE DATA MOVEMENT RULE,SCHEMA,KAVACH_DB.CORE,ROLE,KAVACH_ADMIN,false,ACCOUNTADMIN
KAVACH_ADMIN,2026-09-24 22:16:15.702000-07:00,CREATE DATASET,SCHEMA,KAVACH_DB.CORE,ROLE,KAVACH_ADMIN,false,ACCOUNTADMIN
KAVACH_ADMIN,2026-09-24 22:16:16.069000-07:00,CREATE DBT PROJECT,SCHEMA,KAVACH_DB.CORE,ROLE,KAVACH_ADMIN,false,ACCOUNTADMIN
KAVACH_ADMIN,2026-09-24 22:16:16.084000-07:00,CREATE DCM PROJECT,SCHEMA,KAVACH_DB.CORE,ROLE,KAVACH_ADMIN,false,ACCOUNTADMIN
KAVACH_ADMIN,2026-09-24 22:16:15.904000-07:00,CREATE DYNAMIC TABLE,SCHEMA,KAVACH_DB.CORE,ROLE,KAVACH_ADMIN,false,ACCOUNTADMIN
KAVACH_ADMIN,2026-09-24 22:16:15.888000-07:00,CREATE EVENT TABLE,SCHEMA,KAVACH_DB.CORE,ROLE,KAVACH_ADMIN,false,ACCOUNTADMIN
KAVACH_ADMIN,2026-09-24 22:16:15.580000-07:00,CREATE EXPERIMENT,SCHEMA,KAVACH_DB.CORE,ROLE,KAVACH_ADMIN,false,ACCOUNTADMIN
KAVACH_ADMIN,2026-09-24 22:16:15.920000-07:00,CREATE EXTERNAL AGENT,SCHEMA,KAVACH_DB.CORE,ROLE,KAVACH_ADMIN,false,ACCOUNTADMIN
KAVACH_ADMIN,2026-09-24 22:16:15.958000-07:00,CREATE EXTERNAL MCP SERVER,SCHEMA,KAVACH_DB.CORE,ROLE,KAVACH_ADMIN,false,ACCOUNTADMIN
KAVACH_ADMIN,2026-09-24 22:16:15.818000-07:00,CREATE EXTERNAL TABLE,SCHEMA,KAVACH_DB.CORE,ROLE,KAVACH_ADMIN,false,ACCOUNTADMIN
KAVACH_ADMIN,2026-09-24 22:16:15.935000-07:00,CREATE FEATURE POLICY,SCHEMA,KAVACH_DB.CORE,ROLE,KAVACH_ADMIN,false,ACCOUNTADMIN
KAVACH_ADMIN,2026-09-24 22:16:15.981000-07:00,CREATE FILE FORMAT,SCHEMA,KAVACH_DB.CORE,ROLE,KAVACH_ADMIN,false,ACCOUNTADMIN
KAVACH_ADMIN,2026-09-24 22:16:15.796000-07:00,CREATE FUNCTION,SCHEMA,KAVACH_DB.CORE,ROLE,KAVACH_ADMIN,false,ACCOUNTADMIN
KAVACH_ADMIN,2026-09-24 22:16:15.775000-07:00,CREATE GATEWAY,SCHEMA,KAVACH_DB.CORE,ROLE,KAVACH_ADMIN,false,ACCOUNTADMIN
KAVACH_ADMIN,2026-09-24 22:16:15.603000-07:00,CREATE GIT REPOSITORY,SCHEMA,KAVACH_DB.CORE,ROLE,KAVACH_ADMIN,false,ACCOUNTADMIN
KAVACH_ADMIN,2026-09-24 22:16:15.855000-07:00,CREATE HYBRID TABLE,SCHEMA,KAVACH_DB.CORE,ROLE,KAVACH_ADMIN,false,ACCOUNTADMIN
KAVACH_ADMIN,2026-09-24 22:16:15.494000-07:00,CREATE ICEBERG TABLE,SCHEMA,KAVACH_DB.CORE,ROLE,KAVACH_ADMIN,false,ACCOUNTADMIN
KAVACH_ADMIN,2026-09-24 22:16:15.848000-07:00,CREATE IMAGE REPOSITORY,SCHEMA,KAVACH_DB.CORE,ROLE,KAVACH_ADMIN,false,ACCOUNTADMIN
KAVACH_ADMIN,2026-09-24 22:16:15.528000-07:00,CREATE INTERACTIVE TABLE,SCHEMA,KAVACH_DB.CORE,ROLE,KAVACH_ADMIN,false,ACCOUNTADMIN
KAVACH_ADMIN,2026-09-24 22:16:15.912000-07:00,CREATE JOIN POLICY,SCHEMA,KAVACH_DB.CORE,ROLE,KAVACH_ADMIN,false,ACCOUNTADMIN
KAVACH_ADMIN,2026-09-24 22:16:15.996000-07:00,CREATE MAINTENANCE POLICY,SCHEMA,KAVACH_DB.CORE,ROLE,KAVACH_ADMIN,false,ACCOUNTADMIN
KAVACH_ADMIN,2026-09-24 22:16:15.521000-07:00,CREATE MANAGED MCP SERVER,SCHEMA,KAVACH_DB.CORE,ROLE,KAVACH_ADMIN,false,ACCOUNTADMIN
KAVACH_ADMIN,2026-09-24 22:16:15.825000-07:00,CREATE MASKING POLICY,SCHEMA,KAVACH_DB.CORE,ROLE,KAVACH_ADMIN,false,ACCOUNTADMIN
KAVACH_ADMIN,2026-09-24 22:16:15.768000-07:00,CREATE MATERIALIZED VIEW,SCHEMA,KAVACH_DB.CORE,ROLE,KAVACH_ADMIN,false,ACCOUNTADMIN
KAVACH_ADMIN,2026-09-24 22:16:15.551000-07:00,CREATE MCP SERVER,SCHEMA,KAVACH_DB.CORE,ROLE,KAVACH_ADMIN,false,ACCOUNTADMIN
KAVACH_ADMIN,2026-09-24 22:16:15.865000-07:00,CREATE MODEL,SCHEMA,KAVACH_DB.CORE,ROLE,KAVACH_ADMIN,false,ACCOUNTADMIN
KAVACH_ADMIN,2026-09-24 22:16:15.943000-07:00,CREATE MODEL MONITOR,SCHEMA,KAVACH_DB.CORE,ROLE,KAVACH_ADMIN,false,ACCOUNTADMIN
KAVACH_ADMIN,2026-09-24 22:16:15.685000-07:00,CREATE MULTI PARTY APPROVAL POLICY,SCHEMA,KAVACH_DB.CORE,ROLE,KAVACH_ADMIN,false,ACCOUNTADMIN
KAVACH_ADMIN,2026-09-24 22:16:15.663000-07:00,CREATE NETWORK RULE,SCHEMA,KAVACH_DB.CORE,ROLE,KAVACH_ADMIN,false,ACCOUNTADMIN
KAVACH_ADMIN,2026-09-24 22:16:15.613000-07:00,CREATE NOTEBOOK PROJECT,SCHEMA,KAVACH_DB.CORE,ROLE,KAVACH_ADMIN,false,ACCOUNTADMIN
KAVACH_ADMIN,2026-09-24 22:16:16.029000-07:00,CREATE ONLINE FEATURE TABLE,SCHEMA,KAVACH_DB.CORE,ROLE,KAVACH_ADMIN,false,ACCOUNTADMIN
KAVACH_ADMIN,2026-09-24 22:16:15.694000-07:00,CREATE OPENFLOW CONNECTOR,SCHEMA,KAVACH_DB.CORE,ROLE,KAVACH_ADMIN,false,ACCOUNTADMIN
KAVACH_ADMIN,2026-09-24 22:16:15.622000-07:00,CREATE OPENFLOW RUNTIME,SCHEMA,KAVACH_DB.CORE,ROLE,KAVACH_ADMIN,false,ACCOUNTADMIN
KAVACH_ADMIN,2026-09-24 22:16:15.565000-07:00,CREATE PACKAGES POLICY,SCHEMA,KAVACH_DB.CORE,ROLE,KAVACH_ADMIN,false,ACCOUNTADMIN
KAVACH_ADMIN,2026-09-24 22:16:15.880000-07:00,CREATE PASSWORD POLICY,SCHEMA,KAVACH_DB.CORE,ROLE,KAVACH_ADMIN,false,ACCOUNTADMIN
KAVACH_ADMIN,2026-09-24 22:16:15.508000-07:00,CREATE PIPE,SCHEMA,KAVACH_DB.CORE,ROLE,KAVACH_ADMIN,false,ACCOUNTADMIN
KAVACH_ADMIN,2026-09-24 22:16:15.647000-07:00,CREATE PRIVACY POLICY,SCHEMA,KAVACH_DB.CORE,ROLE,KAVACH_ADMIN,false,ACCOUNTADMIN
KAVACH_ADMIN,2026-09-24 22:16:15.841000-07:00,CREATE PROCEDURE,SCHEMA,KAVACH_DB.CORE,ROLE,KAVACH_ADMIN,false,ACCOUNTADMIN
KAVACH_ADMIN,2026-09-24 22:16:15.589000-07:00,CREATE PROJECTION POLICY,SCHEMA,KAVACH_DB.CORE,ROLE,KAVACH_ADMIN,false,ACCOUNTADMIN
KAVACH_ADMIN,2026-09-24 22:16:15.486000-07:00,CREATE RESOURCE GROUP,SCHEMA,KAVACH_DB.CORE,ROLE,KAVACH_ADMIN,false,ACCOUNTADMIN
KAVACH_ADMIN,2026-09-24 22:16:15.973000-07:00,CREATE RESTRICTED SESSION SCOPE,SCHEMA,KAVACH_DB.CORE,ROLE,KAVACH_ADMIN,false,ACCOUNTADMIN
KAVACH_ADMIN,2026-09-24 22:16:15.811000-07:00,CREATE ROW ACCESS POLICY,SCHEMA,KAVACH_DB.CORE,ROLE,KAVACH_ADMIN,false,ACCOUNTADMIN
KAVACH_ADMIN,2026-09-24 22:16:15.966000-07:00,CREATE SECRET,SCHEMA,KAVACH_DB.CORE,ROLE,KAVACH_ADMIN,false,ACCOUNTADMIN
KAVACH_ADMIN,2026-09-24 22:16:15.803000-07:00,CREATE SEMANTIC VIEW,SCHEMA,KAVACH_DB.CORE,ROLE,KAVACH_ADMIN,false,ACCOUNTADMIN
KAVACH_ADMIN,2026-09-24 22:16:15.639000-07:00,CREATE SEQUENCE,SCHEMA,KAVACH_DB.CORE,ROLE,KAVACH_ADMIN,false,ACCOUNTADMIN
KAVACH_ADMIN,2026-09-24 22:16:15.928000-07:00,CREATE SERVICE,SCHEMA,KAVACH_DB.CORE,ROLE,KAVACH_ADMIN,false,ACCOUNTADMIN
KAVACH_ADMIN,2026-09-24 22:16:15.761000-07:00,CREATE SERVICE CLASS,SCHEMA,KAVACH_DB.CORE,ROLE,KAVACH_ADMIN,false,ACCOUNTADMIN
KAVACH_ADMIN,2026-09-24 22:16:16.037000-07:00,CREATE SESSION POLICY,SCHEMA,KAVACH_DB.CORE,ROLE,KAVACH_ADMIN,false,ACCOUNTADMIN
KAVACH_ADMIN,2026-09-24 22:16:16.107000-07:00,CREATE SNAPSHOT,SCHEMA,KAVACH_DB.CORE,ROLE,KAVACH_ADMIN,false,ACCOUNTADMIN
KAVACH_ADMIN,2026-09-24 22:16:15.745000-07:00,CREATE STAGE,SCHEMA,KAVACH_DB.CORE,ROLE,KAVACH_ADMIN,false,ACCOUNTADMIN
KAVACH_ADMIN,2026-09-24 22:16:16.012000-07:00,CREATE STORAGE LIFECYCLE POLICY,SCHEMA,KAVACH_DB.CORE,ROLE,KAVACH_ADMIN,false,ACCOUNTADMIN
KAVACH_ADMIN,2026-09-24 22:16:16.076000-07:00,CREATE STREAM,SCHEMA,KAVACH_DB.CORE,ROLE,KAVACH_ADMIN,false,ACCOUNTADMIN
KAVACH_ADMIN,2026-09-24 22:16:15.709000-07:00,CREATE STREAMLIT,SCHEMA,KAVACH_DB.CORE,ROLE,KAVACH_ADMIN,false,ACCOUNTADMIN
KAVACH_ADMIN,2026-09-24 22:16:15.950000-07:00,CREATE TABLE,SCHEMA,KAVACH_DB.CORE,ROLE,KAVACH_ADMIN,false,ACCOUNTADMIN
KAVACH_ADMIN,2026-09-24 22:16:15.872000-07:00,CREATE TAG,SCHEMA,KAVACH_DB.CORE,ROLE,KAVACH_ADMIN,false,ACCOUNTADMIN
KAVACH_ADMIN,2026-09-24 22:16:16.115000-07:00,CREATE TASK,SCHEMA,KAVACH_DB.CORE,ROLE,KAVACH_ADMIN,false,ACCOUNTADMIN
KAVACH_ADMIN,2026-09-24 22:16:15.558000-07:00,CREATE TEMPORARY TABLE,SCHEMA,KAVACH_DB.CORE,ROLE,KAVACH_ADMIN,false,ACCOUNTADMIN
KAVACH_ADMIN,2026-09-24 22:16:15.536000-07:00,CREATE TYPE,SCHEMA,KAVACH_DB.CORE,ROLE,KAVACH_ADMIN,false,ACCOUNTADMIN
KAVACH_ADMIN,2026-09-24 22:16:15.739000-07:00,CREATE VARIABLE,SCHEMA,KAVACH_DB.CORE,ROLE,KAVACH_ADMIN,false,ACCOUNTADMIN
KAVACH_ADMIN,2026-09-24 22:16:15.514000-07:00,CREATE VIEW,SCHEMA,KAVACH_DB.CORE,ROLE,KAVACH_ADMIN,false,ACCOUNTADMIN
KAVACH_ADMIN,2026-09-24 22:16:15.896000-07:00,CREATE WORKSPACE,SCHEMA,KAVACH_DB.CORE,ROLE,KAVACH_ADMIN,false,ACCOUNTADMIN
KAVACH_ADMIN,2026-09-24 22:16:15.834000-07:00,CREATE ZEROCOPY CONNECTOR,SCHEMA,KAVACH_DB.CORE,ROLE,KAVACH_ADMIN,false,ACCOUNTADMIN
KAVACH_ADMIN,2026-09-24 22:16:15.572000-07:00,EXECUTE AUTO CLASSIFICATION,SCHEMA,KAVACH_DB.CORE,ROLE,KAVACH_ADMIN,false,ACCOUNTADMIN
KAVACH_ADMIN,2026-09-24 22:16:16.052000-07:00,MODIFY,SCHEMA,KAVACH_DB.CORE,ROLE,KAVACH_ADMIN,false,ACCOUNTADMIN
KAVACH_ADMIN,2026-09-24 22:16:16.060000-07:00,MONITOR,SCHEMA,KAVACH_DB.CORE,ROLE,KAVACH_ADMIN,false,ACCOUNTADMIN
KAVACH_ADMIN,2026-09-24 22:16:15.989000-07:00,USAGE,SCHEMA,KAVACH_DB.CORE,ROLE,KAVACH_ADMIN,false,ACCOUNTADMIN
KAVACH_ADMIN,2026-09-24 22:16:17.455000-07:00,ADD SEARCH OPTIMIZATION,SCHEMA,KAVACH_DB.ML,ROLE,KAVACH_ADMIN,false,ACCOUNTADMIN
KAVACH_ADMIN,2026-09-24 22:16:17.760000-07:00,ADD SEMANTIC VIEW MATERIALIZATION,SCHEMA,KAVACH_DB.ML,ROLE,KAVACH_ADMIN,false,ACCOUNTADMIN
KAVACH_ADMIN,2026-09-24 22:16:17.312000-07:00,APPLYBUDGET,SCHEMA,KAVACH_DB.ML,ROLE,KAVACH_ADMIN,false,ACCOUNTADMIN
KAVACH_ADMIN,2026-09-24 22:16:17.347000-07:00,CREATE AGENT,SCHEMA,KAVACH_DB.ML,ROLE,KAVACH_ADMIN,false,ACCOUNTADMIN
KAVACH_ADMIN,2026-09-24 22:16:17.516000-07:00,CREATE AGENT TASK,SCHEMA,KAVACH_DB.ML,ROLE,KAVACH_ADMIN,false,ACCOUNTADMIN
KAVACH_ADMIN,2026-09-24 22:16:17.531000-07:00,CREATE AGGREGATION POLICY,SCHEMA,KAVACH_DB.ML,ROLE,KAVACH_ADMIN,false,ACCOUNTADMIN
KAVACH_ADMIN,2026-09-24 22:16:17.404000-07:00,CREATE ALERT,SCHEMA,KAVACH_DB.ML,ROLE,KAVACH_ADMIN,false,ACCOUNTADMIN
KAVACH_ADMIN,2026-09-24 22:16:17.475000-07:00,CREATE APPLICATION SERVICE,SCHEMA,KAVACH_DB.ML,ROLE,KAVACH_ADMIN,false,ACCOUNTADMIN
KAVACH_ADMIN,2026-09-24 22:16:17.510000-07:00,CREATE ARTIFACT REPOSITORY,SCHEMA,KAVACH_DB.ML,ROLE,KAVACH_ADMIN,false,ACCOUNTADMIN
KAVACH_ADMIN,2026-09-24 22:16:17.711000-07:00,CREATE AUTHENTICATION POLICY,SCHEMA,KAVACH_DB.ML,ROLE,KAVACH_ADMIN,false,ACCOUNTADMIN
KAVACH_ADMIN,2026-09-24 22:16:17.332000-07:00,CREATE BACKUP POLICY,SCHEMA,KAVACH_DB.ML,ROLE,KAVACH_ADMIN,false,ACCOUNTADMIN
KAVACH_ADMIN,2026-09-24 22:16:17.488000-07:00,CREATE BACKUP SET,SCHEMA,KAVACH_DB.ML,ROLE,KAVACH_ADMIN,false,ACCOUNTADMIN
KAVACH_ADMIN,2026-09-24 22:16:17.325000-07:00,CREATE CONTACT,SCHEMA,KAVACH_DB.ML,ROLE,KAVACH_ADMIN,false,ACCOUNTADMIN
KAVACH_ADMIN,2026-09-24 22:16:17.418000-07:00,CREATE CORTEX EXTENSION,SCHEMA,KAVACH_DB.ML,ROLE,KAVACH_ADMIN,false,ACCOUNTADMIN
KAVACH_ADMIN,2026-09-24 22:16:17.559000-07:00,CREATE CORTEX SEARCH SERVICE,SCHEMA,KAVACH_DB.ML,ROLE,KAVACH_ADMIN,false,ACCOUNTADMIN
KAVACH_ADMIN,2026-09-24 22:16:17.836000-07:00,CREATE DATA METRIC FUNCTION,SCHEMA,KAVACH_DB.ML,ROLE,KAVACH_ADMIN,false,ACCOUNTADMIN
KAVACH_ADMIN,2026-09-24 22:16:17.462000-07:00,CREATE DATA MOVEMENT POLICY,SCHEMA,KAVACH_DB.ML,ROLE,KAVACH_ADMIN,false,ACCOUNTADMIN
KAVACH_ADMIN,2026-09-24 22:16:17.608000-07:00,CREATE DATA MOVEMENT RULE,SCHEMA,KAVACH_DB.ML,ROLE,KAVACH_ADMIN,false,ACCOUNTADMIN
KAVACH_ADMIN,2026-09-24 22:16:17.775000-07:00,CREATE DATASET,SCHEMA,KAVACH_DB.ML,ROLE,KAVACH_ADMIN,false,ACCOUNTADMIN
KAVACH_ADMIN,2026-09-24 22:16:17.440000-07:00,CREATE DBT PROJECT,SCHEMA,KAVACH_DB.ML,ROLE,KAVACH_ADMIN,false,ACCOUNTADMIN
KAVACH_ADMIN,2026-09-24 22:16:17.433000-07:00,CREATE DCM PROJECT,SCHEMA,KAVACH_DB.ML,ROLE,KAVACH_ADMIN,false,ACCOUNTADMIN
KAVACH_ADMIN,2026-09-24 22:16:17.544000-07:00,CREATE DYNAMIC TABLE,SCHEMA,KAVACH_DB.ML,ROLE,KAVACH_ADMIN,false,ACCOUNTADMIN
KAVACH_ADMIN,2026-09-24 22:16:17.695000-07:00,CREATE EVENT TABLE,SCHEMA,KAVACH_DB.ML,ROLE,KAVACH_ADMIN,false,ACCOUNTADMIN
KAVACH_ADMIN,2026-09-24 22:16:17.361000-07:00,CREATE EXPERIMENT,SCHEMA,KAVACH_DB.ML,ROLE,KAVACH_ADMIN,false,ACCOUNTADMIN
KAVACH_ADMIN,2026-09-24 22:16:17.673000-07:00,CREATE EXTERNAL AGENT,SCHEMA,KAVACH_DB.ML,ROLE,KAVACH_ADMIN,false,ACCOUNTADMIN
KAVACH_ADMIN,2026-09-24 22:16:17.658000-07:00,CREATE EXTERNAL MCP SERVER,SCHEMA,KAVACH_DB.ML,ROLE,KAVACH_ADMIN,false,ACCOUNTADMIN
KAVACH_ADMIN,2026-09-24 22:16:17.782000-07:00,CREATE EXTERNAL TABLE,SCHEMA,KAVACH_DB.ML,ROLE,KAVACH_ADMIN,false,ACCOUNTADMIN
KAVACH_ADMIN,2026-09-24 22:16:17.631000-07:00,CREATE FEATURE POLICY,SCHEMA,KAVACH_DB.ML,ROLE,KAVACH_ADMIN,false,ACCOUNTADMIN
KAVACH_ADMIN,2026-09-24 22:16:17.665000-07:00,CREATE FILE FORMAT,SCHEMA,KAVACH_DB.ML,ROLE,KAVACH_ADMIN,false,ACCOUNTADMIN
KAVACH_ADMIN,2026-09-24 22:16:17.844000-07:00,CREATE FUNCTION,SCHEMA,KAVACH_DB.ML,ROLE,KAVACH_ADMIN,false,ACCOUNTADMIN
KAVACH_ADMIN,2026-09-24 22:16:17.821000-07:00,CREATE GATEWAY,SCHEMA,KAVACH_DB.ML,ROLE,KAVACH_ADMIN,false,ACCOUNTADMIN
KAVACH_ADMIN,2026-09-24 22:16:17.339000-07:00,CREATE GIT REPOSITORY,SCHEMA,KAVACH_DB.ML,ROLE,KAVACH_ADMIN,false,ACCOUNTADMIN
KAVACH_ADMIN,2026-09-24 22:16:17.580000-07:00,CREATE HYBRID TABLE,SCHEMA,KAVACH_DB.ML,ROLE,KAVACH_ADMIN,false,ACCOUNTADMIN
KAVACH_ADMIN,2026-09-24 22:16:17.885000-07:00,CREATE ICEBERG TABLE,SCHEMA,KAVACH_DB.ML,ROLE,KAVACH_ADMIN,false,ACCOUNTADMIN
KAVACH_ADMIN,2026-09-24 22:16:17.587000-07:00,CREATE IMAGE REPOSITORY,SCHEMA,KAVACH_DB.ML,ROLE,KAVACH_ADMIN,false,ACCOUNTADMIN
KAVACH_ADMIN,2026-09-24 22:16:17.448000-07:00,CREATE INTERACTIVE TABLE,SCHEMA,KAVACH_DB.ML,ROLE,KAVACH_ADMIN,false,ACCOUNTADMIN
KAVACH_ADMIN,2026-09-24 22:16:17.687000-07:00,CREATE JOIN POLICY,SCHEMA,KAVACH_DB.ML,ROLE,KAVACH_ADMIN,false,ACCOUNTADMIN
KAVACH_ADMIN,2026-09-24 22:16:17.828000-07:00,CREATE MAINTENANCE POLICY,SCHEMA,KAVACH_DB.ML,ROLE,KAVACH_ADMIN,false,ACCOUNTADMIN
KAVACH_ADMIN,2026-09-24 22:16:17.412000-07:00,CREATE MANAGED MCP SERVER,SCHEMA,KAVACH_DB.ML,ROLE,KAVACH_ADMIN,false,ACCOUNTADMIN
KAVACH_ADMIN,2026-09-24 22:16:17.798000-07:00,CREATE MASKING POLICY,SCHEMA,KAVACH_DB.ML,ROLE,KAVACH_ADMIN,false,ACCOUNTADMIN
KAVACH_ADMIN,2026-09-24 22:16:17.752000-07:00,CREATE MATERIALIZED VIEW,SCHEMA,KAVACH_DB.ML,ROLE,KAVACH_ADMIN,false,ACCOUNTADMIN
KAVACH_ADMIN,2026-09-24 22:16:17.397000-07:00,CREATE MCP SERVER,SCHEMA,KAVACH_DB.ML,ROLE,KAVACH_ADMIN,false,ACCOUNTADMIN
KAVACH_ADMIN,2026-09-24 22:16:17.649000-07:00,CREATE MODEL,SCHEMA,KAVACH_DB.ML,ROLE,KAVACH_ADMIN,false,ACCOUNTADMIN
KAVACH_ADMIN,2026-09-24 22:16:17.615000-07:00,CREATE MODEL MONITOR,SCHEMA,KAVACH_DB.ML,ROLE,KAVACH_ADMIN,false,ACCOUNTADMIN
KAVACH_ADMIN,2026-09-24 22:16:17.915000-07:00,CREATE MULTI PARTY APPROVAL POLICY,SCHEMA,KAVACH_DB.ML,ROLE,KAVACH_ADMIN,false,ACCOUNTADMIN
KAVACH_ADMIN,2026-09-24 22:16:17.305000-07:00,CREATE NETWORK RULE,SCHEMA,KAVACH_DB.ML,ROLE,KAVACH_ADMIN,false,ACCOUNTADMIN
KAVACH_ADMIN,2026-09-24 22:16:17.567000-07:00,CREATE NOTEBOOK PROJECT,SCHEMA,KAVACH_DB.ML,ROLE,KAVACH_ADMIN,false,ACCOUNTADMIN
KAVACH_ADMIN,2026-09-24 22:16:17.851000-07:00,CREATE ONLINE FEATURE TABLE,SCHEMA,KAVACH_DB.ML,ROLE,KAVACH_ADMIN,false,ACCOUNTADMIN
KAVACH_ADMIN,2026-09-24 22:16:17.502000-07:00,CREATE OPENFLOW CONNECTOR,SCHEMA,KAVACH_DB.ML,ROLE,KAVACH_ADMIN,false,ACCOUNTADMIN
KAVACH_ADMIN,2026-09-24 22:16:17.573000-07:00,CREATE OPENFLOW RUNTIME,SCHEMA,KAVACH_DB.ML,ROLE,KAVACH_ADMIN,false,ACCOUNTADMIN
KAVACH_ADMIN,2026-09-24 22:16:17.382000-07:00,CREATE PACKAGES POLICY,SCHEMA,KAVACH_DB.ML,ROLE,KAVACH_ADMIN,false,ACCOUNTADMIN
KAVACH_ADMIN,2026-09-24 22:16:17.622000-07:00,CREATE PASSWORD POLICY,SCHEMA,KAVACH_DB.ML,ROLE,KAVACH_ADMIN,false,ACCOUNTADMIN
KAVACH_ADMIN,2026-09-24 22:16:17.877000-07:00,CREATE PIPE,SCHEMA,KAVACH_DB.ML,ROLE,KAVACH_ADMIN,false,ACCOUNTADMIN
KAVACH_ADMIN,2026-09-24 22:16:17.552000-07:00,CREATE PRIVACY POLICY,SCHEMA,KAVACH_DB.ML,ROLE,KAVACH_ADMIN,false,ACCOUNTADMIN
KAVACH_ADMIN,2026-09-24 22:16:17.805000-07:00,CREATE PROCEDURE,SCHEMA,KAVACH_DB.ML,ROLE,KAVACH_ADMIN,false,ACCOUNTADMIN
KAVACH_ADMIN,2026-09-24 22:16:17.368000-07:00,CREATE PROJECTION POLICY,SCHEMA,KAVACH_DB.ML,ROLE,KAVACH_ADMIN,false,ACCOUNTADMIN
KAVACH_ADMIN,2026-09-24 22:16:17.353000-07:00,CREATE RESOURCE GROUP,SCHEMA,KAVACH_DB.ML,ROLE,KAVACH_ADMIN,false,ACCOUNTADMIN
KAVACH_ADMIN,2026-09-24 22:16:17.904000-07:00,CREATE RESTRICTED SESSION SCOPE,SCHEMA,KAVACH_DB.ML,ROLE,KAVACH_ADMIN,false,ACCOUNTADMIN
KAVACH_ADMIN,2026-09-24 22:16:17.719000-07:00,CREATE ROW ACCESS POLICY,SCHEMA,KAVACH_DB.ML,ROLE,KAVACH_ADMIN,false,ACCOUNTADMIN
KAVACH_ADMIN,2026-09-24 22:16:17.894000-07:00,CREATE SECRET,SCHEMA,KAVACH_DB.ML,ROLE,KAVACH_ADMIN,false,ACCOUNTADMIN
KAVACH_ADMIN,2026-09-24 22:16:17.744000-07:00,CREATE SEMANTIC VIEW,SCHEMA,KAVACH_DB.ML,ROLE,KAVACH_ADMIN,false,ACCOUNTADMIN
KAVACH_ADMIN,2026-09-24 22:16:17.374000-07:00,CREATE SEQUENCE,SCHEMA,KAVACH_DB.ML,ROLE,KAVACH_ADMIN,false,ACCOUNTADMIN
KAVACH_ADMIN,2026-09-24 22:16:17.680000-07:00,CREATE SERVICE,SCHEMA,KAVACH_DB.ML,ROLE,KAVACH_ADMIN,false,ACCOUNTADMIN
KAVACH_ADMIN,2026-09-24 22:16:17.523000-07:00,CREATE SERVICE CLASS,SCHEMA,KAVACH_DB.ML,ROLE,KAVACH_ADMIN,false,ACCOUNTADMIN
KAVACH_ADMIN,2026-09-24 22:16:17.389000-07:00,CREATE SESSION POLICY,SCHEMA,KAVACH_DB.ML,ROLE,KAVACH_ADMIN,false,ACCOUNTADMIN
KAVACH_ADMIN,2026-09-24 22:16:17.702000-07:00,CREATE SNAPSHOT,SCHEMA,KAVACH_DB.ML,ROLE,KAVACH_ADMIN,false,ACCOUNTADMIN
KAVACH_ADMIN,2026-09-24 22:16:17.727000-07:00,CREATE STAGE,SCHEMA,KAVACH_DB.ML,ROLE,KAVACH_ADMIN,false,ACCOUNTADMIN
KAVACH_ADMIN,2026-09-24 22:16:17.813000-07:00,CREATE STORAGE LIFECYCLE POLICY,SCHEMA,KAVACH_DB.ML,ROLE,KAVACH_ADMIN,false,ACCOUNTADMIN
KAVACH_ADMIN,2026-09-24 22:16:17.425000-07:00,CREATE STREAM,SCHEMA,KAVACH_DB.ML,ROLE,KAVACH_ADMIN,false,ACCOUNTADMIN
KAVACH_ADMIN,2026-09-24 22:16:17.481000-07:00,CREATE STREAMLIT,SCHEMA,KAVACH_DB.ML,ROLE,KAVACH_ADMIN,false,ACCOUNTADMIN
KAVACH_ADMIN,2026-09-24 22:16:17.600000-07:00,CREATE TABLE,SCHEMA,KAVACH_DB.ML,ROLE,KAVACH_ADMIN,false,ACCOUNTADMIN
KAVACH_ADMIN,2026-09-24 22:16:17.640000-07:00,CREATE TAG,SCHEMA,KAVACH_DB.ML,ROLE,KAVACH_ADMIN,false,ACCOUNTADMIN
KAVACH_ADMIN,2026-09-24 22:16:17.495000-07:00,CREATE TASK,SCHEMA,KAVACH_DB.ML,ROLE,KAVACH_ADMIN,false,ACCOUNTADMIN
KAVACH_ADMIN,2026-09-24 22:16:17.869000-07:00,CREATE TEMPORARY TABLE,SCHEMA,KAVACH_DB.ML,ROLE,KAVACH_ADMIN,false,ACCOUNTADMIN
KAVACH_ADMIN,2026-09-24 22:16:17.298000-07:00,CREATE TYPE,SCHEMA,KAVACH_DB.ML,ROLE,KAVACH_ADMIN,false,ACCOUNTADMIN
KAVACH_ADMIN,2026-09-24 22:16:17.469000-07:00,CREATE VARIABLE,SCHEMA,KAVACH_DB.ML,ROLE,KAVACH_ADMIN,false,ACCOUNTADMIN
KAVACH_ADMIN,2026-09-24 22:16:17.318000-07:00,CREATE VIEW,SCHEMA,KAVACH_DB.ML,ROLE,KAVACH_ADMIN,false,ACCOUNTADMIN
KAVACH_ADMIN,2026-09-24 22:16:17.537000-07:00,CREATE WORKSPACE,SCHEMA,KAVACH_DB.ML,ROLE,KAVACH_ADMIN,false,ACCOUNTADMIN
KAVACH_ADMIN,2026-09-24 22:16:17.767000-07:00,CREATE ZEROCOPY CONNECTOR,SCHEMA,KAVACH_DB.ML,ROLE,KAVACH_ADMIN,false,ACCOUNTADMIN
KAVACH_ADMIN,2026-09-24 22:16:17.859000-07:00,EXECUTE AUTO CLASSIFICATION,SCHEMA,KAVACH_DB.ML,ROLE,KAVACH_ADMIN,false,ACCOUNTADMIN
KAVACH_ADMIN,2026-09-24 22:16:17.736000-07:00,MODIFY,SCHEMA,KAVACH_DB.ML,ROLE,KAVACH_ADMIN,false,ACCOUNTADMIN
KAVACH_ADMIN,2026-09-24 22:16:17.790000-07:00,MONITOR,SCHEMA,KAVACH_DB.ML,ROLE,KAVACH_ADMIN,false,ACCOUNTADMIN
KAVACH_ADMIN,2026-09-24 22:16:17.593000-07:00,USAGE,SCHEMA,KAVACH_DB.ML,ROLE,KAVACH_ADMIN,false,ACCOUNTADMIN
KAVACH_ADMIN,2026-09-24 22:16:15.300000-07:00,ADD SEARCH OPTIMIZATION,SCHEMA,KAVACH_DB.RAW,ROLE,KAVACH_ADMIN,false,ACCOUNTADMIN
KAVACH_ADMIN,2026-09-24 22:16:14.989000-07:00,ADD SEMANTIC VIEW MATERIALIZATION,SCHEMA,KAVACH_DB.RAW,ROLE,KAVACH_ADMIN,false,ACCOUNTADMIN
KAVACH_ADMIN,2026-09-24 22:16:14.762000-07:00,APPLYBUDGET,SCHEMA,KAVACH_DB.RAW,ROLE,KAVACH_ADMIN,false,ACCOUNTADMIN
KAVACH_ADMIN,2026-09-24 22:16:14.814000-07:00,CREATE AGENT,SCHEMA,KAVACH_DB.RAW,ROLE,KAVACH_ADMIN,false,ACCOUNTADMIN
KAVACH_ADMIN,2026-09-24 22:16:15.245000-07:00,CREATE AGENT TASK,SCHEMA,KAVACH_DB.RAW,ROLE,KAVACH_ADMIN,false,ACCOUNTADMIN
KAVACH_ADMIN,2026-09-24 22:16:14.962000-07:00,CREATE AGGREGATION POLICY,SCHEMA,KAVACH_DB.RAW,ROLE,KAVACH_ADMIN,false,ACCOUNTADMIN
KAVACH_ADMIN,2026-09-24 22:16:15.224000-07:00,CREATE ALERT,SCHEMA,KAVACH_DB.RAW,ROLE,KAVACH_ADMIN,false,ACCOUNTADMIN
KAVACH_ADMIN,2026-09-24 22:16:14.933000-07:00,CREATE APPLICATION SERVICE,SCHEMA,KAVACH_DB.RAW,ROLE,KAVACH_ADMIN,false,ACCOUNTADMIN
KAVACH_ADMIN,2026-09-24 22:16:14.885000-07:00,CREATE ARTIFACT REPOSITORY,SCHEMA,KAVACH_DB.RAW,ROLE,KAVACH_ADMIN,false,ACCOUNTADMIN
KAVACH_ADMIN,2026-09-24 22:16:14.995000-07:00,CREATE AUTHENTICATION POLICY,SCHEMA,KAVACH_DB.RAW,ROLE,KAVACH_ADMIN,false,ACCOUNTADMIN
KAVACH_ADMIN,2026-09-24 22:16:14.718000-07:00,CREATE BACKUP POLICY,SCHEMA,KAVACH_DB.RAW,ROLE,KAVACH_ADMIN,false,ACCOUNTADMIN
KAVACH_ADMIN,2026-09-24 22:16:14.926000-07:00,CREATE BACKUP SET,SCHEMA,KAVACH_DB.RAW,ROLE,KAVACH_ADMIN,false,ACCOUNTADMIN
KAVACH_ADMIN,2026-09-24 22:16:14.878000-07:00,CREATE CONTACT,SCHEMA,KAVACH_DB.RAW,ROLE,KAVACH_ADMIN,false,ACCOUNTADMIN
KAVACH_ADMIN,2026-09-24 22:16:15.293000-07:00,CREATE CORTEX EXTENSION,SCHEMA,KAVACH_DB.RAW,ROLE,KAVACH_ADMIN,false,ACCOUNTADMIN
KAVACH_ADMIN,2026-09-24 22:16:14.842000-07:00,CREATE CORTEX SEARCH SERVICE,SCHEMA,KAVACH_DB.RAW,ROLE,KAVACH_ADMIN,false,ACCOUNTADMIN
KAVACH_ADMIN,2026-09-24 22:16:15.207000-07:00,CREATE DATA METRIC FUNCTION,SCHEMA,KAVACH_DB.RAW,ROLE,KAVACH_ADMIN,false,ACCOUNTADMIN
KAVACH_ADMIN,2026-09-24 22:16:14.941000-07:00,CREATE DATA MOVEMENT POLICY,SCHEMA,KAVACH_DB.RAW,ROLE,KAVACH_ADMIN,false,ACCOUNTADMIN
KAVACH_ADMIN,2026-09-24 22:16:14.863000-07:00,CREATE DATA MOVEMENT RULE,SCHEMA,KAVACH_DB.RAW,ROLE,KAVACH_ADMIN,false,ACCOUNTADMIN
KAVACH_ADMIN,2026-09-24 22:16:14.911000-07:00,CREATE DATASET,SCHEMA,KAVACH_DB.RAW,ROLE,KAVACH_ADMIN,false,ACCOUNTADMIN
KAVACH_ADMIN,2026-09-24 22:16:15.269000-07:00,CREATE DBT PROJECT,SCHEMA,KAVACH_DB.RAW,ROLE,KAVACH_ADMIN,false,ACCOUNTADMIN
KAVACH_ADMIN,2026-09-24 22:16:15.285000-07:00,CREATE DCM PROJECT,SCHEMA,KAVACH_DB.RAW,ROLE,KAVACH_ADMIN,false,ACCOUNTADMIN
KAVACH_ADMIN,2026-09-24 22:16:15.104000-07:00,CREATE DYNAMIC TABLE,SCHEMA,KAVACH_DB.RAW,ROLE,KAVACH_ADMIN,false,ACCOUNTADMIN
KAVACH_ADMIN,2026-09-24 22:16:15.089000-07:00,CREATE EVENT TABLE,SCHEMA,KAVACH_DB.RAW,ROLE,KAVACH_ADMIN,false,ACCOUNTADMIN
KAVACH_ADMIN,2026-09-24 22:16:14.799000-07:00,CREATE EXPERIMENT,SCHEMA,KAVACH_DB.RAW,ROLE,KAVACH_ADMIN,false,ACCOUNTADMIN
KAVACH_ADMIN,2026-09-24 22:16:15.119000-07:00,CREATE EXTERNAL AGENT,SCHEMA,KAVACH_DB.RAW,ROLE,KAVACH_ADMIN,false,ACCOUNTADMIN
KAVACH_ADMIN,2026-09-24 22:16:15.158000-07:00,CREATE EXTERNAL MCP SERVER,SCHEMA,KAVACH_DB.RAW,ROLE,KAVACH_ADMIN,false,ACCOUNTADMIN
KAVACH_ADMIN,2026-09-24 22:16:15.024000-07:00,CREATE EXTERNAL TABLE,SCHEMA,KAVACH_DB.RAW,ROLE,KAVACH_ADMIN,false,ACCOUNTADMIN
KAVACH_ADMIN,2026-09-24 22:16:15.134000-07:00,CREATE FEATURE POLICY,SCHEMA,KAVACH_DB.RAW,ROLE,KAVACH_ADMIN,false,ACCOUNTADMIN
KAVACH_ADMIN,2026-09-24 22:16:15.184000-07:00,CREATE FILE FORMAT,SCHEMA,KAVACH_DB.RAW,ROLE,KAVACH_ADMIN,false,ACCOUNTADMIN
KAVACH_ADMIN,2026-09-24 22:16:15.003000-07:00,CREATE FUNCTION,SCHEMA,KAVACH_DB.RAW,ROLE,KAVACH_ADMIN,false,ACCOUNTADMIN
KAVACH_ADMIN,2026-09-24 22:16:14.982000-07:00,CREATE GATEWAY,SCHEMA,KAVACH_DB.RAW,ROLE,KAVACH_ADMIN,false,ACCOUNTADMIN
KAVACH_ADMIN,2026-09-24 22:16:14.820000-07:00,CREATE GIT REPOSITORY,SCHEMA,KAVACH_DB.RAW,ROLE,KAVACH_ADMIN,false,ACCOUNTADMIN
KAVACH_ADMIN,2026-09-24 22:16:15.060000-07:00,CREATE HYBRID TABLE,SCHEMA,KAVACH_DB.RAW,ROLE,KAVACH_ADMIN,false,ACCOUNTADMIN
KAVACH_ADMIN,2026-09-24 22:16:14.711000-07:00,CREATE ICEBERG TABLE,SCHEMA,KAVACH_DB.RAW,ROLE,KAVACH_ADMIN,false,ACCOUNTADMIN
KAVACH_ADMIN,2026-09-24 22:16:15.052000-07:00,CREATE IMAGE REPOSITORY,SCHEMA,KAVACH_DB.RAW,ROLE,KAVACH_ADMIN,false,ACCOUNTADMIN
KAVACH_ADMIN,2026-09-24 22:16:14.747000-07:00,CREATE INTERACTIVE TABLE,SCHEMA,KAVACH_DB.RAW,ROLE,KAVACH_ADMIN,false,ACCOUNTADMIN
KAVACH_ADMIN,2026-09-24 22:16:15.112000-07:00,CREATE JOIN POLICY,SCHEMA,KAVACH_DB.RAW,ROLE,KAVACH_ADMIN,false,ACCOUNTADMIN
KAVACH_ADMIN,2026-09-24 22:16:15.200000-07:00,CREATE MAINTENANCE POLICY,SCHEMA,KAVACH_DB.RAW,ROLE,KAVACH_ADMIN,false,ACCOUNTADMIN
KAVACH_ADMIN,2026-09-24 22:16:14.740000-07:00,CREATE MANAGED MCP SERVER,SCHEMA,KAVACH_DB.RAW,ROLE,KAVACH_ADMIN,false,ACCOUNTADMIN
KAVACH_ADMIN,2026-09-24 22:16:15.030000-07:00,CREATE MASKING POLICY,SCHEMA,KAVACH_DB.RAW,ROLE,KAVACH_ADMIN,false,ACCOUNTADMIN
KAVACH_ADMIN,2026-09-24 22:16:14.975000-07:00,CREATE MATERIALIZED VIEW,SCHEMA,KAVACH_DB.RAW,ROLE,KAVACH_ADMIN,false,ACCOUNTADMIN
KAVACH_ADMIN,2026-09-24 22:16:14.770000-07:00,CREATE MCP SERVER,SCHEMA,KAVACH_DB.RAW,ROLE,KAVACH_ADMIN,false,ACCOUNTADMIN
KAVACH_ADMIN,2026-09-24 22:16:15.067000-07:00,CREATE MODEL,SCHEMA,KAVACH_DB.RAW,ROLE,KAVACH_ADMIN,false,ACCOUNTADMIN
KAVACH_ADMIN,2026-09-24 22:16:15.144000-07:00,CREATE MODEL MONITOR,SCHEMA,KAVACH_DB.RAW,ROLE,KAVACH_ADMIN,false,ACCOUNTADMIN
KAVACH_ADMIN,2026-09-24 22:16:14.895000-07:00,CREATE MULTI PARTY APPROVAL POLICY,SCHEMA,KAVACH_DB.RAW,ROLE,KAVACH_ADMIN,false,ACCOUNTADMIN
KAVACH_ADMIN,2026-09-24 22:16:14.870000-07:00,CREATE NETWORK RULE,SCHEMA,KAVACH_DB.RAW,ROLE,KAVACH_ADMIN,false,ACCOUNTADMIN
KAVACH_ADMIN,2026-09-24 22:16:14.828000-07:00,CREATE NOTEBOOK PROJECT,SCHEMA,KAVACH_DB.RAW,ROLE,KAVACH_ADMIN,false,ACCOUNTADMIN
KAVACH_ADMIN,2026-09-24 22:16:15.231000-07:00,CREATE ONLINE FEATURE TABLE,SCHEMA,KAVACH_DB.RAW,ROLE,KAVACH_ADMIN,false,ACCOUNTADMIN
KAVACH_ADMIN,2026-09-24 22:16:14.904000-07:00,CREATE OPENFLOW CONNECTOR,SCHEMA,KAVACH_DB.RAW,ROLE,KAVACH_ADMIN,false,ACCOUNTADMIN
KAVACH_ADMIN,2026-09-24 22:16:14.835000-07:00,CREATE OPENFLOW RUNTIME,SCHEMA,KAVACH_DB.RAW,ROLE,KAVACH_ADMIN,false,ACCOUNTADMIN
KAVACH_ADMIN,2026-09-24 22:16:14.785000-07:00,CREATE PACKAGES POLICY,SCHEMA,KAVACH_DB.RAW,ROLE,KAVACH_ADMIN,false,ACCOUNTADMIN
KAVACH_ADMIN,2026-09-24 22:16:15.082000-07:00,CREATE PASSWORD POLICY,SCHEMA,KAVACH_DB.RAW,ROLE,KAVACH_ADMIN,false,ACCOUNTADMIN
KAVACH_ADMIN,2026-09-24 22:16:14.726000-07:00,CREATE PIPE,SCHEMA,KAVACH_DB.RAW,ROLE,KAVACH_ADMIN,false,ACCOUNTADMIN
KAVACH_ADMIN,2026-09-24 22:16:14.856000-07:00,CREATE PRIVACY POLICY,SCHEMA,KAVACH_DB.RAW,ROLE,KAVACH_ADMIN,false,ACCOUNTADMIN
KAVACH_ADMIN,2026-09-24 22:16:15.044000-07:00,CREATE PROCEDURE,SCHEMA,KAVACH_DB.RAW,ROLE,KAVACH_ADMIN,false,ACCOUNTADMIN
KAVACH_ADMIN,2026-09-24 22:16:14.807000-07:00,CREATE PROJECTION POLICY,SCHEMA,KAVACH_DB.RAW,ROLE,KAVACH_ADMIN,false,ACCOUNTADMIN
KAVACH_ADMIN,2026-09-24 22:16:14.704000-07:00,CREATE RESOURCE GROUP,SCHEMA,KAVACH_DB.RAW,ROLE,KAVACH_ADMIN,false,ACCOUNTADMIN
KAVACH_ADMIN,2026-09-24 22:16:15.175000-07:00,CREATE RESTRICTED SESSION SCOPE,SCHEMA,KAVACH_DB.RAW,ROLE,KAVACH_ADMIN,false,ACCOUNTADMIN
KAVACH_ADMIN,2026-09-24 22:16:15.017000-07:00,CREATE ROW ACCESS POLICY,SCHEMA,KAVACH_DB.RAW,ROLE,KAVACH_ADMIN,false,ACCOUNTADMIN
KAVACH_ADMIN,2026-09-24 22:16:15.167000-07:00,CREATE SECRET,SCHEMA,KAVACH_DB.RAW,ROLE,KAVACH_ADMIN,false,ACCOUNTADMIN
KAVACH_ADMIN,2026-09-24 22:16:15.010000-07:00,CREATE SEMANTIC VIEW,SCHEMA,KAVACH_DB.RAW,ROLE,KAVACH_ADMIN,false,ACCOUNTADMIN
KAVACH_ADMIN,2026-09-24 22:16:14.849000-07:00,CREATE SEQUENCE,SCHEMA,KAVACH_DB.RAW,ROLE,KAVACH_ADMIN,false,ACCOUNTADMIN
KAVACH_ADMIN,2026-09-24 22:16:15.127000-07:00,CREATE SERVICE,SCHEMA,KAVACH_DB.RAW,ROLE,KAVACH_ADMIN,false,ACCOUNTADMIN
KAVACH_ADMIN,2026-09-24 22:16:14.969000-07:00,CREATE SERVICE CLASS,SCHEMA,KAVACH_DB.RAW,ROLE,KAVACH_ADMIN,false,ACCOUNTADMIN
KAVACH_ADMIN,2026-09-24 22:16:15.238000-07:00,CREATE SESSION POLICY,SCHEMA,KAVACH_DB.RAW,ROLE,KAVACH_ADMIN,false,ACCOUNTADMIN
KAVACH_ADMIN,2026-09-24 22:16:15.308000-07:00,CREATE SNAPSHOT,SCHEMA,KAVACH_DB.RAW,ROLE,KAVACH_ADMIN,false,ACCOUNTADMIN
KAVACH_ADMIN,2026-09-24 22:16:14.955000-07:00,CREATE STAGE,SCHEMA,KAVACH_DB.RAW,ROLE,KAVACH_ADMIN,false,ACCOUNTADMIN
KAVACH_ADMIN,2026-09-24 22:16:15.217000-07:00,CREATE STORAGE LIFECYCLE POLICY,SCHEMA,KAVACH_DB.RAW,ROLE,KAVACH_ADMIN,false,ACCOUNTADMIN
KAVACH_ADMIN,2026-09-24 22:16:15.277000-07:00,CREATE STREAM,SCHEMA,KAVACH_DB.RAW,ROLE,KAVACH_ADMIN,false,ACCOUNTADMIN
KAVACH_ADMIN,2026-09-24 22:16:14.919000-07:00,CREATE STREAMLIT,SCHEMA,KAVACH_DB.RAW,ROLE,KAVACH_ADMIN,false,ACCOUNTADMIN
KAVACH_ADMIN,2026-09-24 22:16:15.151000-07:00,CREATE TABLE,SCHEMA,KAVACH_DB.RAW,ROLE,KAVACH_ADMIN,false,ACCOUNTADMIN
KAVACH_ADMIN,2026-09-24 22:16:15.075000-07:00,CREATE TAG,SCHEMA,KAVACH_DB.RAW,ROLE,KAVACH_ADMIN,false,ACCOUNTADMIN
KAVACH_ADMIN,2026-09-24 22:16:15.315000-07:00,CREATE TASK,SCHEMA,KAVACH_DB.RAW,ROLE,KAVACH_ADMIN,false,ACCOUNTADMIN
KAVACH_ADMIN,2026-09-24 22:16:14.778000-07:00,CREATE TEMPORARY TABLE,SCHEMA,KAVACH_DB.RAW,ROLE,KAVACH_ADMIN,false,ACCOUNTADMIN
KAVACH_ADMIN,2026-09-24 22:16:14.755000-07:00,CREATE TYPE,SCHEMA,KAVACH_DB.RAW,ROLE,KAVACH_ADMIN,false,ACCOUNTADMIN
KAVACH_ADMIN,2026-09-24 22:16:14.948000-07:00,CREATE VARIABLE,SCHEMA,KAVACH_DB.RAW,ROLE,KAVACH_ADMIN,false,ACCOUNTADMIN
KAVACH_ADMIN,2026-09-24 22:16:14.733000-07:00,CREATE VIEW,SCHEMA,KAVACH_DB.RAW,ROLE,KAVACH_ADMIN,false,ACCOUNTADMIN
KAVACH_ADMIN,2026-09-24 22:16:15.097000-07:00,CREATE WORKSPACE,SCHEMA,KAVACH_DB.RAW,ROLE,KAVACH_ADMIN,false,ACCOUNTADMIN
KAVACH_ADMIN,2026-09-24 22:16:15.038000-07:00,CREATE ZEROCOPY CONNECTOR,SCHEMA,KAVACH_DB.RAW,ROLE,KAVACH_ADMIN,false,ACCOUNTADMIN
KAVACH_ADMIN,2026-09-24 22:16:14.793000-07:00,EXECUTE AUTO CLASSIFICATION,SCHEMA,KAVACH_DB.RAW,ROLE,KAVACH_ADMIN,false,ACCOUNTADMIN
KAVACH_ADMIN,2026-09-24 22:16:15.253000-07:00,MODIFY,SCHEMA,KAVACH_DB.RAW,ROLE,KAVACH_ADMIN,false,ACCOUNTADMIN
KAVACH_ADMIN,2026-09-24 22:16:15.262000-07:00,MONITOR,SCHEMA,KAVACH_DB.RAW,ROLE,KAVACH_ADMIN,false,ACCOUNTADMIN
KAVACH_ADMIN,2026-09-24 22:16:15.192000-07:00,USAGE,SCHEMA,KAVACH_DB.RAW,ROLE,KAVACH_ADMIN,false,ACCOUNTADMIN
KAVACH_ADMIN,2026-09-24 22:49:24.762000-07:00,USAGE,SCHEMA,KAVACH_DB.REF,ROLE,KAVACH_ADMIN,false,ACCOUNTADMIN
KAVACH_ADMIN,2026-09-24 22:16:16.965000-07:00,ADD SEARCH OPTIMIZATION,SCHEMA,KAVACH_DB.RULES,ROLE,KAVACH_ADMIN,false,ACCOUNTADMIN
KAVACH_ADMIN,2026-09-24 22:16:16.696000-07:00,ADD SEMANTIC VIEW MATERIALIZATION,SCHEMA,KAVACH_DB.RULES,ROLE,KAVACH_ADMIN,false,ACCOUNTADMIN
KAVACH_ADMIN,2026-09-24 22:16:16.764000-07:00,APPLYBUDGET,SCHEMA,KAVACH_DB.RULES,ROLE,KAVACH_ADMIN,false,ACCOUNTADMIN
KAVACH_ADMIN,2026-09-24 22:16:16.917000-07:00,CREATE AGENT,SCHEMA,KAVACH_DB.RULES,ROLE,KAVACH_ADMIN,false,ACCOUNTADMIN
KAVACH_ADMIN,2026-09-24 22:16:17.095000-07:00,CREATE AGENT TASK,SCHEMA,KAVACH_DB.RULES,ROLE,KAVACH_ADMIN,false,ACCOUNTADMIN
KAVACH_ADMIN,2026-09-24 22:16:16.948000-07:00,CREATE AGGREGATION POLICY,SCHEMA,KAVACH_DB.RULES,ROLE,KAVACH_ADMIN,false,ACCOUNTADMIN
KAVACH_ADMIN,2026-09-24 22:16:17.014000-07:00,CREATE ALERT,SCHEMA,KAVACH_DB.RULES,ROLE,KAVACH_ADMIN,false,ACCOUNTADMIN
KAVACH_ADMIN,2026-09-24 22:16:16.625000-07:00,CREATE APPLICATION SERVICE,SCHEMA,KAVACH_DB.RULES,ROLE,KAVACH_ADMIN,false,ACCOUNTADMIN
KAVACH_ADMIN,2026-09-24 22:16:16.651000-07:00,CREATE ARTIFACT REPOSITORY,SCHEMA,KAVACH_DB.RULES,ROLE,KAVACH_ADMIN,false,ACCOUNTADMIN
KAVACH_ADMIN,2026-09-24 22:16:16.682000-07:00,CREATE AUTHENTICATION POLICY,SCHEMA,KAVACH_DB.RULES,ROLE,KAVACH_ADMIN,false,ACCOUNTADMIN
KAVACH_ADMIN,2026-09-24 22:16:16.788000-07:00,CREATE BACKUP POLICY,SCHEMA,KAVACH_DB.RULES,ROLE,KAVACH_ADMIN,false,ACCOUNTADMIN
KAVACH_ADMIN,2026-09-24 22:16:16.617000-07:00,CREATE BACKUP SET,SCHEMA,KAVACH_DB.RULES,ROLE,KAVACH_ADMIN,false,ACCOUNTADMIN
KAVACH_ADMIN,2026-09-24 22:16:16.804000-07:00,CREATE CONTACT,SCHEMA,KAVACH_DB.RULES,ROLE,KAVACH_ADMIN,false,ACCOUNTADMIN
KAVACH_ADMIN,2026-09-24 22:16:17.030000-07:00,CREATE CORTEX EXTENSION,SCHEMA,KAVACH_DB.RULES,ROLE,KAVACH_ADMIN,false,ACCOUNTADMIN
KAVACH_ADMIN,2026-09-24 22:16:16.866000-07:00,CREATE CORTEX SEARCH SERVICE,SCHEMA,KAVACH_DB.RULES,ROLE,KAVACH_ADMIN,false,ACCOUNTADMIN
KAVACH_ADMIN,2026-09-24 22:16:16.999000-07:00,CREATE DATA METRIC FUNCTION,SCHEMA,KAVACH_DB.RULES,ROLE,KAVACH_ADMIN,false,ACCOUNTADMIN
KAVACH_ADMIN,2026-09-24 22:16:16.573000-07:00,CREATE DATA MOVEMENT POLICY,SCHEMA,KAVACH_DB.RULES,ROLE,KAVACH_ADMIN,false,ACCOUNTADMIN
KAVACH_ADMIN,2026-09-24 22:16:16.848000-07:00,CREATE DATA MOVEMENT RULE,SCHEMA,KAVACH_DB.RULES,ROLE,KAVACH_ADMIN,false,ACCOUNTADMIN
KAVACH_ADMIN,2026-09-24 22:16:16.667000-07:00,CREATE DATASET,SCHEMA,KAVACH_DB.RULES,ROLE,KAVACH_ADMIN,false,ACCOUNTADMIN
KAVACH_ADMIN,2026-09-24 22:16:17.007000-07:00,CREATE DBT PROJECT,SCHEMA,KAVACH_DB.RULES,ROLE,KAVACH_ADMIN,false,ACCOUNTADMIN
KAVACH_ADMIN,2026-09-24 22:16:17.022000-07:00,CREATE DCM PROJECT,SCHEMA,KAVACH_DB.RULES,ROLE,KAVACH_ADMIN,false,ACCOUNTADMIN
KAVACH_ADMIN,2026-09-24 22:16:17.070000-07:00,CREATE DYNAMIC TABLE,SCHEMA,KAVACH_DB.RULES,ROLE,KAVACH_ADMIN,false,ACCOUNTADMIN
KAVACH_ADMIN,2026-09-24 22:16:16.748000-07:00,CREATE EVENT TABLE,SCHEMA,KAVACH_DB.RULES,ROLE,KAVACH_ADMIN,false,ACCOUNTADMIN
KAVACH_ADMIN,2026-09-24 22:16:17.106000-07:00,CREATE EXPERIMENT,SCHEMA,KAVACH_DB.RULES,ROLE,KAVACH_ADMIN,false,ACCOUNTADMIN
KAVACH_ADMIN,2026-09-24 22:16:16.547000-07:00,CREATE EXTERNAL AGENT,SCHEMA,KAVACH_DB.RULES,ROLE,KAVACH_ADMIN,false,ACCOUNTADMIN
KAVACH_ADMIN,2026-09-24 22:16:16.454000-07:00,CREATE EXTERNAL MCP SERVER,SCHEMA,KAVACH_DB.RULES,ROLE,KAVACH_ADMIN,false,ACCOUNTADMIN
KAVACH_ADMIN,2026-09-24 22:16:16.591000-07:00,CREATE EXTERNAL TABLE,SCHEMA,KAVACH_DB.RULES,ROLE,KAVACH_ADMIN,false,ACCOUNTADMIN
KAVACH_ADMIN,2026-09-24 22:16:16.431000-07:00,CREATE FEATURE POLICY,SCHEMA,KAVACH_DB.RULES,ROLE,KAVACH_ADMIN,false,ACCOUNTADMIN
KAVACH_ADMIN,2026-09-24 22:16:16.446000-07:00,CREATE FILE FORMAT,SCHEMA,KAVACH_DB.RULES,ROLE,KAVACH_ADMIN,false,ACCOUNTADMIN
KAVACH_ADMIN,2026-09-24 22:16:16.735000-07:00,CREATE FUNCTION,SCHEMA,KAVACH_DB.RULES,ROLE,KAVACH_ADMIN,false,ACCOUNTADMIN
KAVACH_ADMIN,2026-09-24 22:16:16.719000-07:00,CREATE GATEWAY,SCHEMA,KAVACH_DB.RULES,ROLE,KAVACH_ADMIN,false,ACCOUNTADMIN
KAVACH_ADMIN,2026-09-24 22:16:16.940000-07:00,CREATE GIT REPOSITORY,SCHEMA,KAVACH_DB.RULES,ROLE,KAVACH_ADMIN,false,ACCOUNTADMIN
KAVACH_ADMIN,2026-09-24 22:16:16.461000-07:00,CREATE HYBRID TABLE,SCHEMA,KAVACH_DB.RULES,ROLE,KAVACH_ADMIN,false,ACCOUNTADMIN
KAVACH_ADMIN,2026-09-24 22:16:16.819000-07:00,CREATE ICEBERG TABLE,SCHEMA,KAVACH_DB.RULES,ROLE,KAVACH_ADMIN,false,ACCOUNTADMIN
KAVACH_ADMIN,2026-09-24 22:16:16.485000-07:00,CREATE IMAGE REPOSITORY,SCHEMA,KAVACH_DB.RULES,ROLE,KAVACH_ADMIN,false,ACCOUNTADMIN
KAVACH_ADMIN,2026-09-24 22:16:16.840000-07:00,CREATE INTERACTIVE TABLE,SCHEMA,KAVACH_DB.RULES,ROLE,KAVACH_ADMIN,false,ACCOUNTADMIN
KAVACH_ADMIN,2026-09-24 22:16:16.728000-07:00,CREATE JOIN POLICY,SCHEMA,KAVACH_DB.RULES,ROLE,KAVACH_ADMIN,false,ACCOUNTADMIN
KAVACH_ADMIN,2026-09-24 22:16:16.982000-07:00,CREATE MAINTENANCE POLICY,SCHEMA,KAVACH_DB.RULES,ROLE,KAVACH_ADMIN,false,ACCOUNTADMIN
KAVACH_ADMIN,2026-09-24 22:16:16.833000-07:00,CREATE MANAGED MCP SERVER,SCHEMA,KAVACH_DB.RULES,ROLE,KAVACH_ADMIN,false,ACCOUNTADMIN
KAVACH_ADMIN,2026-09-24 22:16:16.598000-07:00,CREATE MASKING POLICY,SCHEMA,KAVACH_DB.RULES,ROLE,KAVACH_ADMIN,false,ACCOUNTADMIN
KAVACH_ADMIN,2026-09-24 22:16:16.537000-07:00,CREATE MATERIALIZED VIEW,SCHEMA,KAVACH_DB.RULES,ROLE,KAVACH_ADMIN,false,ACCOUNTADMIN
KAVACH_ADMIN,2026-09-24 22:16:16.908000-07:00,CREATE MCP SERVER,SCHEMA,KAVACH_DB.RULES,ROLE,KAVACH_ADMIN,false,ACCOUNTADMIN
KAVACH_ADMIN,2026-09-24 22:16:16.439000-07:00,CREATE MODEL,SCHEMA,KAVACH_DB.RULES,ROLE,KAVACH_ADMIN,false,ACCOUNTADMIN
KAVACH_ADMIN,2026-09-24 22:16:16.407000-07:00,CREATE MODEL MONITOR,SCHEMA,KAVACH_DB.RULES,ROLE,KAVACH_ADMIN,false,ACCOUNTADMIN
KAVACH_ADMIN,2026-09-24 22:16:16.675000-07:00,CREATE MULTI PARTY APPROVAL POLICY,SCHEMA,KAVACH_DB.RULES,ROLE,KAVACH_ADMIN,false,ACCOUNTADMIN
KAVACH_ADMIN,2026-09-24 22:16:16.780000-07:00,CREATE NETWORK RULE,SCHEMA,KAVACH_DB.RULES,ROLE,KAVACH_ADMIN,false,ACCOUNTADMIN
KAVACH_ADMIN,2026-09-24 22:16:16.898000-07:00,CREATE NOTEBOOK PROJECT,SCHEMA,KAVACH_DB.RULES,ROLE,KAVACH_ADMIN,false,ACCOUNTADMIN
KAVACH_ADMIN,2026-09-24 22:16:16.564000-07:00,CREATE ONLINE FEATURE TABLE,SCHEMA,KAVACH_DB.RULES,ROLE,KAVACH_ADMIN,false,ACCOUNTADMIN
KAVACH_ADMIN,2026-09-24 22:16:16.642000-07:00,CREATE OPENFLOW CONNECTOR,SCHEMA,KAVACH_DB.RULES,ROLE,KAVACH_ADMIN,false,ACCOUNTADMIN
KAVACH_ADMIN,2026-09-24 22:16:16.888000-07:00,CREATE OPENFLOW RUNTIME,SCHEMA,KAVACH_DB.RULES,ROLE,KAVACH_ADMIN,false,ACCOUNTADMIN
KAVACH_ADMIN,2026-09-24 22:16:16.856000-07:00,CREATE PACKAGES POLICY,SCHEMA,KAVACH_DB.RULES,ROLE,KAVACH_ADMIN,false,ACCOUNTADMIN
KAVACH_ADMIN,2026-09-24 22:16:16.422000-07:00,CREATE PASSWORD POLICY,SCHEMA,KAVACH_DB.RULES,ROLE,KAVACH_ADMIN,false,ACCOUNTADMIN
KAVACH_ADMIN,2026-09-24 22:16:16.812000-07:00,CREATE PIPE,SCHEMA,KAVACH_DB.RULES,ROLE,KAVACH_ADMIN,false,ACCOUNTADMIN
KAVACH_ADMIN,2026-09-24 22:16:16.878000-07:00,CREATE PRIVACY POLICY,SCHEMA,KAVACH_DB.RULES,ROLE,KAVACH_ADMIN,false,ACCOUNTADMIN
KAVACH_ADMIN,2026-09-24 22:16:16.633000-07:00,CREATE PROCEDURE,SCHEMA,KAVACH_DB.RULES,ROLE,KAVACH_ADMIN,false,ACCOUNTADMIN
KAVACH_ADMIN,2026-09-24 22:16:17.086000-07:00,CREATE PROJECTION POLICY,SCHEMA,KAVACH_DB.RULES,ROLE,KAVACH_ADMIN,false,ACCOUNTADMIN
KAVACH_ADMIN,2026-09-24 22:16:16.797000-07:00,CREATE RESOURCE GROUP,SCHEMA,KAVACH_DB.RULES,ROLE,KAVACH_ADMIN,false,ACCOUNTADMIN
KAVACH_ADMIN,2026-09-24 22:16:16.494000-07:00,CREATE RESTRICTED SESSION SCOPE,SCHEMA,KAVACH_DB.RULES,ROLE,KAVACH_ADMIN,false,ACCOUNTADMIN
KAVACH_ADMIN,2026-09-24 22:16:16.689000-07:00,CREATE ROW ACCESS POLICY,SCHEMA,KAVACH_DB.RULES,ROLE,KAVACH_ADMIN,false,ACCOUNTADMIN
KAVACH_ADMIN,2026-09-24 22:16:16.476000-07:00,CREATE SECRET,SCHEMA,KAVACH_DB.RULES,ROLE,KAVACH_ADMIN,false,ACCOUNTADMIN
KAVACH_ADMIN,2026-09-24 22:16:16.516000-07:00,CREATE SEMANTIC VIEW,SCHEMA,KAVACH_DB.RULES,ROLE,KAVACH_ADMIN,false,ACCOUNTADMIN
KAVACH_ADMIN,2026-09-24 22:16:16.957000-07:00,CREATE SEQUENCE,SCHEMA,KAVACH_DB.RULES,ROLE,KAVACH_ADMIN,false,ACCOUNTADMIN
KAVACH_ADMIN,2026-09-24 22:16:16.556000-07:00,CREATE SERVICE,SCHEMA,KAVACH_DB.RULES,ROLE,KAVACH_ADMIN,false,ACCOUNTADMIN
KAVACH_ADMIN,2026-09-24 22:16:16.933000-07:00,CREATE SERVICE CLASS,SCHEMA,KAVACH_DB.RULES,ROLE,KAVACH_ADMIN,false,ACCOUNTADMIN
KAVACH_ADMIN,2026-09-24 22:16:16.925000-07:00,CREATE SESSION POLICY,SCHEMA,KAVACH_DB.RULES,ROLE,KAVACH_ADMIN,false,ACCOUNTADMIN
KAVACH_ADMIN,2026-09-24 22:16:17.061000-07:00,CREATE SNAPSHOT,SCHEMA,KAVACH_DB.RULES,ROLE,KAVACH_ADMIN,false,ACCOUNTADMIN
KAVACH_ADMIN,2026-09-24 22:16:16.525000-07:00,CREATE STAGE,SCHEMA,KAVACH_DB.RULES,ROLE,KAVACH_ADMIN,false,ACCOUNTADMIN
KAVACH_ADMIN,2026-09-24 22:16:16.973000-07:00,CREATE STORAGE LIFECYCLE POLICY,SCHEMA,KAVACH_DB.RULES,ROLE,KAVACH_ADMIN,false,ACCOUNTADMIN
KAVACH_ADMIN,2026-09-24 22:16:17.038000-07:00,CREATE STREAM,SCHEMA,KAVACH_DB.RULES,ROLE,KAVACH_ADMIN,false,ACCOUNTADMIN
KAVACH_ADMIN,2026-09-24 22:16:16.607000-07:00,CREATE STREAMLIT,SCHEMA,KAVACH_DB.RULES,ROLE,KAVACH_ADMIN,false,ACCOUNTADMIN
KAVACH_ADMIN,2026-09-24 22:16:16.506000-07:00,CREATE TABLE,SCHEMA,KAVACH_DB.RULES,ROLE,KAVACH_ADMIN,false,ACCOUNTADMIN
KAVACH_ADMIN,2026-09-24 22:16:16.415000-07:00,CREATE TAG,SCHEMA,KAVACH_DB.RULES,ROLE,KAVACH_ADMIN,false,ACCOUNTADMIN
KAVACH_ADMIN,2026-09-24 22:16:16.990000-07:00,CREATE TASK,SCHEMA,KAVACH_DB.RULES,ROLE,KAVACH_ADMIN,false,ACCOUNTADMIN
KAVACH_ADMIN,2026-09-24 22:16:16.704000-07:00,CREATE TEMPORARY TABLE,SCHEMA,KAVACH_DB.RULES,ROLE,KAVACH_ADMIN,false,ACCOUNTADMIN
KAVACH_ADMIN,2026-09-24 22:16:16.756000-07:00,CREATE TYPE,SCHEMA,KAVACH_DB.RULES,ROLE,KAVACH_ADMIN,false,ACCOUNTADMIN
KAVACH_ADMIN,2026-09-24 22:16:16.581000-07:00,CREATE VARIABLE,SCHEMA,KAVACH_DB.RULES,ROLE,KAVACH_ADMIN,false,ACCOUNTADMIN
KAVACH_ADMIN,2026-09-24 22:16:16.772000-07:00,CREATE VIEW,SCHEMA,KAVACH_DB.RULES,ROLE,KAVACH_ADMIN,false,ACCOUNTADMIN
KAVACH_ADMIN,2026-09-24 22:16:17.053000-07:00,CREATE WORKSPACE,SCHEMA,KAVACH_DB.RULES,ROLE,KAVACH_ADMIN,false,ACCOUNTADMIN
KAVACH_ADMIN,2026-09-24 22:16:16.658000-07:00,CREATE ZEROCOPY CONNECTOR,SCHEMA,KAVACH_DB.RULES,ROLE,KAVACH_ADMIN,false,ACCOUNTADMIN
KAVACH_ADMIN,2026-09-24 22:16:16.711000-07:00,EXECUTE AUTO CLASSIFICATION,SCHEMA,KAVACH_DB.RULES,ROLE,KAVACH_ADMIN,false,ACCOUNTADMIN
KAVACH_ADMIN,2026-09-24 22:16:17.077000-07:00,MODIFY,SCHEMA,KAVACH_DB.RULES,ROLE,KAVACH_ADMIN,false,ACCOUNTADMIN
KAVACH_ADMIN,2026-09-24 22:16:17.045000-07:00,MONITOR,SCHEMA,KAVACH_DB.RULES,ROLE,KAVACH_ADMIN,false,ACCOUNTADMIN
KAVACH_ADMIN,2026-09-24 22:16:16.468000-07:00,USAGE,SCHEMA,KAVACH_DB.RULES,ROLE,KAVACH_ADMIN,false,ACCOUNTADMIN
KAVACH_ADMIN,2026-09-25 07:05:54.385000-07:00,SELECT,SEMANTIC_VIEW,KAVACH_DB.AI.KAVACH_SV,ROLE,KAVACH_ADMIN,false,ACCOUNTADMIN
KAVACH_ADMIN,2026-09-25 05:15:12.360000-07:00,APPLYBUDGET,TABLE,KAVACH_DB.AI.AGENT_EVAL_DATA,ROLE,KAVACH_ADMIN,false,ACCOUNTADMIN
KAVACH_ADMIN,2026-09-25 05:15:12.363000-07:00,DELETE,TABLE,KAVACH_DB.AI.AGENT_EVAL_DATA,ROLE,KAVACH_ADMIN,false,ACCOUNTADMIN
KAVACH_ADMIN,2026-09-25 05:15:12.364000-07:00,DELETE ERROR TABLE,TABLE,KAVACH_DB.AI.AGENT_EVAL_DATA,ROLE,KAVACH_ADMIN,false,ACCOUNTADMIN
KAVACH_ADMIN,2026-09-25 05:15:12.365000-07:00,EVOLVE SCHEMA,TABLE,KAVACH_DB.AI.AGENT_EVAL_DATA,ROLE,KAVACH_ADMIN,false,ACCOUNTADMIN
KAVACH_ADMIN,2026-09-25 05:15:12.367000-07:00,INSERT,TABLE,KAVACH_DB.AI.AGENT_EVAL_DATA,ROLE,KAVACH_ADMIN,false,ACCOUNTADMIN
KAVACH_ADMIN,2026-09-25 05:15:12.369000-07:00,REBUILD,TABLE,KAVACH_DB.AI.AGENT_EVAL_DATA,ROLE,KAVACH_ADMIN,false,ACCOUNTADMIN
KAVACH_ADMIN,2026-09-25 05:15:12.368000-07:00,REFERENCES,TABLE,KAVACH_DB.AI.AGENT_EVAL_DATA,ROLE,KAVACH_ADMIN,false,ACCOUNTADMIN
KAVACH_ADMIN,2026-09-25 05:15:12.372000-07:00,SELECT,TABLE,KAVACH_DB.AI.AGENT_EVAL_DATA,ROLE,KAVACH_ADMIN,false,ACCOUNTADMIN
KAVACH_ADMIN,2026-09-25 05:15:12.378000-07:00,SELECT ERROR TABLE,TABLE,KAVACH_DB.AI.AGENT_EVAL_DATA,ROLE,KAVACH_ADMIN,false,ACCOUNTADMIN
KAVACH_ADMIN,2026-09-25 05:15:12.380000-07:00,TRUNCATE,TABLE,KAVACH_DB.AI.AGENT_EVAL_DATA,ROLE,KAVACH_ADMIN,false,ACCOUNTADMIN
KAVACH_ADMIN,2026-09-25 05:15:12.382000-07:00,UPDATE,TABLE,KAVACH_DB.AI.AGENT_EVAL_DATA,ROLE,KAVACH_ADMIN,false,ACCOUNTADMIN
KAVACH_ADMIN,2026-09-25 05:29:38.317000-07:00,APPLYBUDGET,TABLE,KAVACH_DB.AI.ALERT_STORIES,ROLE,KAVACH_ADMIN,false,ACCOUNTADMIN
KAVACH_ADMIN,2026-09-25 05:29:38.320000-07:00,DELETE,TABLE,KAVACH_DB.AI.ALERT_STORIES,ROLE,KAVACH_ADMIN,false,ACCOUNTADMIN
KAVACH_ADMIN,2026-09-25 05:29:38.321000-07:00,DELETE ERROR TABLE,TABLE,KAVACH_DB.AI.ALERT_STORIES,ROLE,KAVACH_ADMIN,false,ACCOUNTADMIN
KAVACH_ADMIN,2026-09-25 05:29:38.323000-07:00,EVOLVE SCHEMA,TABLE,KAVACH_DB.AI.ALERT_STORIES,ROLE,KAVACH_ADMIN,false,ACCOUNTADMIN
KAVACH_ADMIN,2026-09-25 05:29:38.324000-07:00,INSERT,TABLE,KAVACH_DB.AI.ALERT_STORIES,ROLE,KAVACH_ADMIN,false,ACCOUNTADMIN
KAVACH_ADMIN,2026-09-25 05:29:38.326000-07:00,REBUILD,TABLE,KAVACH_DB.AI.ALERT_STORIES,ROLE,KAVACH_ADMIN,false,ACCOUNTADMIN
KAVACH_ADMIN,2026-09-25 05:29:38.325000-07:00,REFERENCES,TABLE,KAVACH_DB.AI.ALERT_STORIES,ROLE,KAVACH_ADMIN,false,ACCOUNTADMIN
KAVACH_ADMIN,2026-09-25 05:29:38.327000-07:00,SELECT,TABLE,KAVACH_DB.AI.ALERT_STORIES,ROLE,KAVACH_ADMIN,false,ACCOUNTADMIN
KAVACH_ADMIN,2026-09-25 05:29:38.330000-07:00,SELECT ERROR TABLE,TABLE,KAVACH_DB.AI.ALERT_STORIES,ROLE,KAVACH_ADMIN,false,ACCOUNTADMIN
KAVACH_ADMIN,2026-09-25 05:29:38.331000-07:00,TRUNCATE,TABLE,KAVACH_DB.AI.ALERT_STORIES,ROLE,KAVACH_ADMIN,false,ACCOUNTADMIN
KAVACH_ADMIN,2026-09-25 05:29:38.332000-07:00,UPDATE,TABLE,KAVACH_DB.AI.ALERT_STORIES,ROLE,KAVACH_ADMIN,false,ACCOUNTADMIN
KAVACH_ADMIN,2026-09-25 01:44:51.958000-07:00,APPLYBUDGET,TABLE,KAVACH_DB.AI.REG_CHUNKS,ROLE,KAVACH_ADMIN,false,ACCOUNTADMIN
KAVACH_ADMIN,2026-09-25 01:44:51.961000-07:00,DELETE,TABLE,KAVACH_DB.AI.REG_CHUNKS,ROLE,KAVACH_ADMIN,false,ACCOUNTADMIN
KAVACH_ADMIN,2026-09-25 01:44:51.962000-07:00,DELETE ERROR TABLE,TABLE,KAVACH_DB.AI.REG_CHUNKS,ROLE,KAVACH_ADMIN,false,ACCOUNTADMIN
KAVACH_ADMIN,2026-09-25 01:44:51.963000-07:00,EVOLVE SCHEMA,TABLE,KAVACH_DB.AI.REG_CHUNKS,ROLE,KAVACH_ADMIN,false,ACCOUNTADMIN
KAVACH_ADMIN,2026-09-25 01:44:51.964000-07:00,INSERT,TABLE,KAVACH_DB.AI.REG_CHUNKS,ROLE,KAVACH_ADMIN,false,ACCOUNTADMIN
KAVACH_ADMIN,2026-09-25 01:44:51.966000-07:00,REBUILD,TABLE,KAVACH_DB.AI.REG_CHUNKS,ROLE,KAVACH_ADMIN,false,ACCOUNTADMIN
KAVACH_ADMIN,2026-09-25 01:44:51.965000-07:00,REFERENCES,TABLE,KAVACH_DB.AI.REG_CHUNKS,ROLE,KAVACH_ADMIN,false,ACCOUNTADMIN
KAVACH_ADMIN,2026-09-25 01:44:51.967000-07:00,SELECT,TABLE,KAVACH_DB.AI.REG_CHUNKS,ROLE,KAVACH_ADMIN,false,ACCOUNTADMIN
KAVACH_ADMIN,2026-09-25 01:44:51.969000-07:00,SELECT ERROR TABLE,TABLE,KAVACH_DB.AI.REG_CHUNKS,ROLE,KAVACH_ADMIN,false,ACCOUNTADMIN
KAVACH_ADMIN,2026-09-25 01:44:51.970000-07:00,TRUNCATE,TABLE,KAVACH_DB.AI.REG_CHUNKS,ROLE,KAVACH_ADMIN,false,ACCOUNTADMIN
KAVACH_ADMIN,2026-09-25 01:44:51.971000-07:00,UPDATE,TABLE,KAVACH_DB.AI.REG_CHUNKS,ROLE,KAVACH_ADMIN,false,ACCOUNTADMIN
KAVACH_ADMIN,2026-09-25 01:43:12.226000-07:00,APPLYBUDGET,TABLE,KAVACH_DB.AI.REG_DOCS_PARSED,ROLE,KAVACH_ADMIN,false,ACCOUNTADMIN
KAVACH_ADMIN,2026-09-25 01:43:12.229000-07:00,DELETE,TABLE,KAVACH_DB.AI.REG_DOCS_PARSED,ROLE,KAVACH_ADMIN,false,ACCOUNTADMIN
KAVACH_ADMIN,2026-09-25 01:43:12.230000-07:00,DELETE ERROR TABLE,TABLE,KAVACH_DB.AI.REG_DOCS_PARSED,ROLE,KAVACH_ADMIN,false,ACCOUNTADMIN
KAVACH_ADMIN,2026-09-25 01:43:12.231000-07:00,EVOLVE SCHEMA,TABLE,KAVACH_DB.AI.REG_DOCS_PARSED,ROLE,KAVACH_ADMIN,false,ACCOUNTADMIN
KAVACH_ADMIN,2026-09-25 01:43:12.232000-07:00,INSERT,TABLE,KAVACH_DB.AI.REG_DOCS_PARSED,ROLE,KAVACH_ADMIN,false,ACCOUNTADMIN
KAVACH_ADMIN,2026-09-25 01:43:12.234000-07:00,REBUILD,TABLE,KAVACH_DB.AI.REG_DOCS_PARSED,ROLE,KAVACH_ADMIN,false,ACCOUNTADMIN
KAVACH_ADMIN,2026-09-25 01:43:12.233000-07:00,REFERENCES,TABLE,KAVACH_DB.AI.REG_DOCS_PARSED,ROLE,KAVACH_ADMIN,false,ACCOUNTADMIN
KAVACH_ADMIN,2026-09-25 01:43:12.235000-07:00,SELECT,TABLE,KAVACH_DB.AI.REG_DOCS_PARSED,ROLE,KAVACH_ADMIN,false,ACCOUNTADMIN
KAVACH_ADMIN,2026-09-25 01:43:12.239000-07:00,SELECT ERROR TABLE,TABLE,KAVACH_DB.AI.REG_DOCS_PARSED,ROLE,KAVACH_ADMIN,false,ACCOUNTADMIN
KAVACH_ADMIN,2026-09-25 01:43:12.241000-07:00,TRUNCATE,TABLE,KAVACH_DB.AI.REG_DOCS_PARSED,ROLE,KAVACH_ADMIN,false,ACCOUNTADMIN
KAVACH_ADMIN,2026-09-25 01:43:12.242000-07:00,UPDATE,TABLE,KAVACH_DB.AI.REG_DOCS_PARSED,ROLE,KAVACH_ADMIN,false,ACCOUNTADMIN
KAVACH_ADMIN,2026-09-25 04:12:19.205000-07:00,APPLYBUDGET,TABLE,KAVACH_DB.APP.SETTINGS,ROLE,KAVACH_ADMIN,false,ACCOUNTADMIN
KAVACH_ADMIN,2026-09-25 04:12:19.208000-07:00,DELETE,TABLE,KAVACH_DB.APP.SETTINGS,ROLE,KAVACH_ADMIN,false,ACCOUNTADMIN
KAVACH_ADMIN,2026-09-25 04:12:19.209000-07:00,DELETE ERROR TABLE,TABLE,KAVACH_DB.APP.SETTINGS,ROLE,KAVACH_ADMIN,false,ACCOUNTADMIN
KAVACH_ADMIN,2026-09-25 04:12:19.210000-07:00,EVOLVE SCHEMA,TABLE,KAVACH_DB.APP.SETTINGS,ROLE,KAVACH_ADMIN,false,ACCOUNTADMIN
KAVACH_ADMIN,2026-09-25 04:12:19.212000-07:00,INSERT,TABLE,KAVACH_DB.APP.SETTINGS,ROLE,KAVACH_ADMIN,false,ACCOUNTADMIN
KAVACH_ADMIN,2026-09-25 04:12:19.215000-07:00,REBUILD,TABLE,KAVACH_DB.APP.SETTINGS,ROLE,KAVACH_ADMIN,false,ACCOUNTADMIN
KAVACH_ADMIN,2026-09-25 04:12:19.213000-07:00,REFERENCES,TABLE,KAVACH_DB.APP.SETTINGS,ROLE,KAVACH_ADMIN,false,ACCOUNTADMIN
KAVACH_ADMIN,2026-09-25 04:12:19.216000-07:00,SELECT,TABLE,KAVACH_DB.APP.SETTINGS,ROLE,KAVACH_ADMIN,false,ACCOUNTADMIN
KAVACH_ADMIN,2026-09-25 04:12:19.220000-07:00,SELECT ERROR TABLE,TABLE,KAVACH_DB.APP.SETTINGS,ROLE,KAVACH_ADMIN,false,ACCOUNTADMIN
KAVACH_ADMIN,2026-09-25 04:12:19.221000-07:00,TRUNCATE,TABLE,KAVACH_DB.APP.SETTINGS,ROLE,KAVACH_ADMIN,false,ACCOUNTADMIN
KAVACH_ADMIN,2026-09-25 04:12:19.222000-07:00,UPDATE,TABLE,KAVACH_DB.APP.SETTINGS,ROLE,KAVACH_ADMIN,false,ACCOUNTADMIN
KAVACH_ADMIN,2026-09-24 22:18:10.918000-07:00,APPLYBUDGET,TABLE,KAVACH_DB.AUDIT.ACTIVITY_LOG,ROLE,KAVACH_ADMIN,false,ACCOUNTADMIN
KAVACH_ADMIN,2026-09-24 22:18:10.921000-07:00,DELETE,TABLE,KAVACH_DB.AUDIT.ACTIVITY_LOG,ROLE,KAVACH_ADMIN,false,ACCOUNTADMIN
KAVACH_ADMIN,2026-09-24 22:18:10.922000-07:00,DELETE ERROR TABLE,TABLE,KAVACH_DB.AUDIT.ACTIVITY_LOG,ROLE,KAVACH_ADMIN,false,ACCOUNTADMIN
KAVACH_ADMIN,2026-09-24 22:18:10.923000-07:00,EVOLVE SCHEMA,TABLE,KAVACH_DB.AUDIT.ACTIVITY_LOG,ROLE,KAVACH_ADMIN,false,ACCOUNTADMIN
KAVACH_ADMIN,2026-09-24 22:18:10.925000-07:00,INSERT,TABLE,KAVACH_DB.AUDIT.ACTIVITY_LOG,ROLE,KAVACH_ADMIN,false,ACCOUNTADMIN
KAVACH_ADMIN,2026-09-24 22:18:10.927000-07:00,REBUILD,TABLE,KAVACH_DB.AUDIT.ACTIVITY_LOG,ROLE,KAVACH_ADMIN,false,ACCOUNTADMIN
KAVACH_ADMIN,2026-09-24 22:18:10.926000-07:00,REFERENCES,TABLE,KAVACH_DB.AUDIT.ACTIVITY_LOG,ROLE,KAVACH_ADMIN,false,ACCOUNTADMIN
KAVACH_ADMIN,2026-09-24 22:18:10.929000-07:00,SELECT,TABLE,KAVACH_DB.AUDIT.ACTIVITY_LOG,ROLE,KAVACH_ADMIN,false,ACCOUNTADMIN
KAVACH_ADMIN,2026-09-24 22:18:10.932000-07:00,SELECT ERROR TABLE,TABLE,KAVACH_DB.AUDIT.ACTIVITY_LOG,ROLE,KAVACH_ADMIN,false,ACCOUNTADMIN
KAVACH_ADMIN,2026-09-24 22:18:10.933000-07:00,TRUNCATE,TABLE,KAVACH_DB.AUDIT.ACTIVITY_LOG,ROLE,KAVACH_ADMIN,false,ACCOUNTADMIN
KAVACH_ADMIN,2026-09-24 22:18:10.934000-07:00,UPDATE,TABLE,KAVACH_DB.AUDIT.ACTIVITY_LOG,ROLE,KAVACH_ADMIN,false,ACCOUNTADMIN
KAVACH_ADMIN,2026-09-25 06:22:02.744000-07:00,APPLYBUDGET,TABLE,KAVACH_DB.AUDIT.ALERT_FEEDBACK,ROLE,KAVACH_ADMIN,false,ACCOUNTADMIN
KAVACH_ADMIN,2026-09-25 06:22:02.747000-07:00,DELETE,TABLE,KAVACH_DB.AUDIT.ALERT_FEEDBACK,ROLE,KAVACH_ADMIN,false,ACCOUNTADMIN
KAVACH_ADMIN,2026-09-25 06:22:02.749000-07:00,DELETE ERROR TABLE,TABLE,KAVACH_DB.AUDIT.ALERT_FEEDBACK,ROLE,KAVACH_ADMIN,false,ACCOUNTADMIN
KAVACH_ADMIN,2026-09-25 06:22:02.750000-07:00,EVOLVE SCHEMA,TABLE,KAVACH_DB.AUDIT.ALERT_FEEDBACK,ROLE,KAVACH_ADMIN,false,ACCOUNTADMIN
KAVACH_ADMIN,2026-09-25 06:22:02.752000-07:00,INSERT,TABLE,KAVACH_DB.AUDIT.ALERT_FEEDBACK,ROLE,KAVACH_ADMIN,false,ACCOUNTADMIN
KAVACH_ADMIN,2026-09-25 06:22:02.754000-07:00,REBUILD,TABLE,KAVACH_DB.AUDIT.ALERT_FEEDBACK,ROLE,KAVACH_ADMIN,false,ACCOUNTADMIN
KAVACH_ADMIN,2026-09-25 06:22:02.753000-07:00,REFERENCES,TABLE,KAVACH_DB.AUDIT.ALERT_FEEDBACK,ROLE,KAVACH_ADMIN,false,ACCOUNTADMIN
KAVACH_ADMIN,2026-09-25 06:22:02.756000-07:00,SELECT,TABLE,KAVACH_DB.AUDIT.ALERT_FEEDBACK,ROLE,KAVACH_ADMIN,false,ACCOUNTADMIN
KAVACH_ADMIN,2026-09-25 06:22:02.759000-07:00,SELECT ERROR TABLE,TABLE,KAVACH_DB.AUDIT.ALERT_FEEDBACK,ROLE,KAVACH_ADMIN,false,ACCOUNTADMIN
KAVACH_ADMIN,2026-09-25 06:22:02.761000-07:00,TRUNCATE,TABLE,KAVACH_DB.AUDIT.ALERT_FEEDBACK,ROLE,KAVACH_ADMIN,false,ACCOUNTADMIN
KAVACH_ADMIN,2026-09-25 06:22:02.763000-07:00,UPDATE,TABLE,KAVACH_DB.AUDIT.ALERT_FEEDBACK,ROLE,KAVACH_ADMIN,false,ACCOUNTADMIN
KAVACH_ADMIN,2026-09-25 05:29:38.698000-07:00,APPLYBUDGET,TABLE,KAVACH_DB.AUDIT.EVIDENCE_REGISTRY,ROLE,KAVACH_ADMIN,false,ACCOUNTADMIN
KAVACH_ADMIN,2026-09-25 05:29:38.701000-07:00,DELETE,TABLE,KAVACH_DB.AUDIT.EVIDENCE_REGISTRY,ROLE,KAVACH_ADMIN,false,ACCOUNTADMIN
KAVACH_ADMIN,2026-09-25 05:29:38.702000-07:00,DELETE ERROR TABLE,TABLE,KAVACH_DB.AUDIT.EVIDENCE_REGISTRY,ROLE,KAVACH_ADMIN,false,ACCOUNTADMIN
KAVACH_ADMIN,2026-09-25 05:29:38.703000-07:00,EVOLVE SCHEMA,TABLE,KAVACH_DB.AUDIT.EVIDENCE_REGISTRY,ROLE,KAVACH_ADMIN,false,ACCOUNTADMIN
KAVACH_ADMIN,2026-09-25 05:29:38.704000-07:00,INSERT,TABLE,KAVACH_DB.AUDIT.EVIDENCE_REGISTRY,ROLE,KAVACH_ADMIN,false,ACCOUNTADMIN
KAVACH_ADMIN,2026-09-25 05:29:38.707000-07:00,REBUILD,TABLE,KAVACH_DB.AUDIT.EVIDENCE_REGISTRY,ROLE,KAVACH_ADMIN,false,ACCOUNTADMIN
KAVACH_ADMIN,2026-09-25 05:29:38.706000-07:00,REFERENCES,TABLE,KAVACH_DB.AUDIT.EVIDENCE_REGISTRY,ROLE,KAVACH_ADMIN,false,ACCOUNTADMIN
KAVACH_ADMIN,2026-09-25 05:29:38.708000-07:00,SELECT,TABLE,KAVACH_DB.AUDIT.EVIDENCE_REGISTRY,ROLE,KAVACH_ADMIN,false,ACCOUNTADMIN
KAVACH_ADMIN,2026-09-25 05:29:38.711000-07:00,SELECT ERROR TABLE,TABLE,KAVACH_DB.AUDIT.EVIDENCE_REGISTRY,ROLE,KAVACH_ADMIN,false,ACCOUNTADMIN
KAVACH_ADMIN,2026-09-25 05:29:38.712000-07:00,TRUNCATE,TABLE,KAVACH_DB.AUDIT.EVIDENCE_REGISTRY,ROLE,KAVACH_ADMIN,false,ACCOUNTADMIN
KAVACH_ADMIN,2026-09-25 05:29:38.714000-07:00,UPDATE,TABLE,KAVACH_DB.AUDIT.EVIDENCE_REGISTRY,ROLE,KAVACH_ADMIN,false,ACCOUNTADMIN
KAVACH_ADMIN,2026-09-24 23:44:14.313000-07:00,APPLYBUDGET,TABLE,KAVACH_DB.CORE.ACCOUNTS,ROLE,KAVACH_ADMIN,false,ACCOUNTADMIN
KAVACH_ADMIN,2026-09-24 23:44:14.315000-07:00,DELETE,TABLE,KAVACH_DB.CORE.ACCOUNTS,ROLE,KAVACH_ADMIN,false,ACCOUNTADMIN
KAVACH_ADMIN,2026-09-24 23:44:14.315000-07:00,DELETE ERROR TABLE,TABLE,KAVACH_DB.CORE.ACCOUNTS,ROLE,KAVACH_ADMIN,false,ACCOUNTADMIN
KAVACH_ADMIN,2026-09-24 23:44:14.316000-07:00,EVOLVE SCHEMA,TABLE,KAVACH_DB.CORE.ACCOUNTS,ROLE,KAVACH_ADMIN,false,ACCOUNTADMIN
KAVACH_ADMIN,2026-09-24 23:44:14.317000-07:00,INSERT,TABLE,KAVACH_DB.CORE.ACCOUNTS,ROLE,KAVACH_ADMIN,false,ACCOUNTADMIN
KAVACH_ADMIN,2026-09-24 23:44:14.319000-07:00,REBUILD,TABLE,KAVACH_DB.CORE.ACCOUNTS,ROLE,KAVACH_ADMIN,false,ACCOUNTADMIN
KAVACH_ADMIN,2026-09-24 23:44:14.318000-07:00,REFERENCES,TABLE,KAVACH_DB.CORE.ACCOUNTS,ROLE,KAVACH_ADMIN,false,ACCOUNTADMIN
KAVACH_ADMIN,2026-09-24 23:44:14.320000-07:00,SELECT,TABLE,KAVACH_DB.CORE.ACCOUNTS,ROLE,KAVACH_ADMIN,false,ACCOUNTADMIN
KAVACH_ADMIN,2026-09-24 23:44:14.323000-07:00,SELECT ERROR TABLE,TABLE,KAVACH_DB.CORE.ACCOUNTS,ROLE,KAVACH_ADMIN,false,ACCOUNTADMIN
KAVACH_ADMIN,2026-09-24 23:44:14.325000-07:00,TRUNCATE,TABLE,KAVACH_DB.CORE.ACCOUNTS,ROLE,KAVACH_ADMIN,false,ACCOUNTADMIN
KAVACH_ADMIN,2026-09-24 23:44:14.325000-07:00,UPDATE,TABLE,KAVACH_DB.CORE.ACCOUNTS,ROLE,KAVACH_ADMIN,false,ACCOUNTADMIN
KAVACH_ADMIN,2026-09-25 03:48:18.468000-07:00,APPLYBUDGET,TABLE,KAVACH_DB.CORE.ACCOUNT_EDGES,ROLE,KAVACH_ADMIN,false,ACCOUNTADMIN
KAVACH_ADMIN,2026-09-25 03:48:18.471000-07:00,DELETE,TABLE,KAVACH_DB.CORE.ACCOUNT_EDGES,ROLE,KAVACH_ADMIN,false,ACCOUNTADMIN
KAVACH_ADMIN,2026-09-25 03:48:18.471000-07:00,DELETE ERROR TABLE,TABLE,KAVACH_DB.CORE.ACCOUNT_EDGES,ROLE,KAVACH_ADMIN,false,ACCOUNTADMIN
KAVACH_ADMIN,2026-09-25 03:48:18.472000-07:00,EVOLVE SCHEMA,TABLE,KAVACH_DB.CORE.ACCOUNT_EDGES,ROLE,KAVACH_ADMIN,false,ACCOUNTADMIN
KAVACH_ADMIN,2026-09-25 03:48:18.473000-07:00,INSERT,TABLE,KAVACH_DB.CORE.ACCOUNT_EDGES,ROLE,KAVACH_ADMIN,false,ACCOUNTADMIN
KAVACH_ADMIN,2026-09-25 03:48:18.475000-07:00,REBUILD,TABLE,KAVACH_DB.CORE.ACCOUNT_EDGES,ROLE,KAVACH_ADMIN,false,ACCOUNTADMIN
KAVACH_ADMIN,2026-09-25 03:48:18.474000-07:00,REFERENCES,TABLE,KAVACH_DB.CORE.ACCOUNT_EDGES,ROLE,KAVACH_ADMIN,false,ACCOUNTADMIN
KAVACH_ADMIN,2026-09-25 03:48:18.476000-07:00,SELECT,TABLE,KAVACH_DB.CORE.ACCOUNT_EDGES,ROLE,KAVACH_ADMIN,false,ACCOUNTADMIN
KAVACH_ADMIN,2026-09-25 03:48:18.479000-07:00,SELECT ERROR TABLE,TABLE,KAVACH_DB.CORE.ACCOUNT_EDGES,ROLE,KAVACH_ADMIN,false,ACCOUNTADMIN
KAVACH_ADMIN,2026-09-25 03:48:18.480000-07:00,TRUNCATE,TABLE,KAVACH_DB.CORE.ACCOUNT_EDGES,ROLE,KAVACH_ADMIN,false,ACCOUNTADMIN
KAVACH_ADMIN,2026-09-25 03:48:18.481000-07:00,UPDATE,TABLE,KAVACH_DB.CORE.ACCOUNT_EDGES,ROLE,KAVACH_ADMIN,false,ACCOUNTADMIN
KAVACH_ADMIN,2026-09-25 02:40:35.992000-07:00,APPLYBUDGET,TABLE,KAVACH_DB.CORE.ALERTS,ROLE,KAVACH_ADMIN,false,ACCOUNTADMIN
KAVACH_ADMIN,2026-09-25 02:40:35.995000-07:00,DELETE,TABLE,KAVACH_DB.CORE.ALERTS,ROLE,KAVACH_ADMIN,false,ACCOUNTADMIN
KAVACH_ADMIN,2026-09-25 02:40:35.997000-07:00,DELETE ERROR TABLE,TABLE,KAVACH_DB.CORE.ALERTS,ROLE,KAVACH_ADMIN,false,ACCOUNTADMIN
KAVACH_ADMIN,2026-09-25 02:40:35.998000-07:00,EVOLVE SCHEMA,TABLE,KAVACH_DB.CORE.ALERTS,ROLE,KAVACH_ADMIN,false,ACCOUNTADMIN
KAVACH_ADMIN,2026-09-25 02:40:35.999000-07:00,INSERT,TABLE,KAVACH_DB.CORE.ALERTS,ROLE,KAVACH_ADMIN,false,ACCOUNTADMIN
KAVACH_ADMIN,2026-09-25 02:40:36.001000-07:00,REBUILD,TABLE,KAVACH_DB.CORE.ALERTS,ROLE,KAVACH_ADMIN,false,ACCOUNTADMIN
KAVACH_ADMIN,2026-09-25 02:40:35.999000-07:00,REFERENCES,TABLE,KAVACH_DB.CORE.ALERTS,ROLE,KAVACH_ADMIN,false,ACCOUNTADMIN
KAVACH_ADMIN,2026-09-25 02:40:36.001000-07:00,SELECT,TABLE,KAVACH_DB.CORE.ALERTS,ROLE,KAVACH_ADMIN,false,ACCOUNTADMIN
KAVACH_ADMIN,2026-09-25 02:40:36.005000-07:00,SELECT ERROR TABLE,TABLE,KAVACH_DB.CORE.ALERTS,ROLE,KAVACH_ADMIN,false,ACCOUNTADMIN
KAVACH_ADMIN,2026-09-25 02:40:36.006000-07:00,TRUNCATE,TABLE,KAVACH_DB.CORE.ALERTS,ROLE,KAVACH_ADMIN,false,ACCOUNTADMIN
KAVACH_ADMIN,2026-09-25 02:40:36.007000-07:00,UPDATE,TABLE,KAVACH_DB.CORE.ALERTS,ROLE,KAVACH_ADMIN,false,ACCOUNTADMIN
KAVACH_ADMIN,2026-09-25 04:18:53.071000-07:00,APPLYBUDGET,TABLE,KAVACH_DB.CORE.ANALYST_FEEDBACK,ROLE,KAVACH_ADMIN,false,ACCOUNTADMIN
KAVACH_ADMIN,2026-09-25 04:18:53.074000-07:00,DELETE,TABLE,KAVACH_DB.CORE.ANALYST_FEEDBACK,ROLE,KAVACH_ADMIN,false,ACCOUNTADMIN
KAVACH_ADMIN,2026-09-25 04:18:53.076000-07:00,DELETE ERROR TABLE,TABLE,KAVACH_DB.CORE.ANALYST_FEEDBACK,ROLE,KAVACH_ADMIN,false,ACCOUNTADMIN
KAVACH_ADMIN,2026-09-25 04:18:53.077000-07:00,EVOLVE SCHEMA,TABLE,KAVACH_DB.CORE.ANALYST_FEEDBACK,ROLE,KAVACH_ADMIN,false,ACCOUNTADMIN
KAVACH_ADMIN,2026-09-25 04:18:53.078000-07:00,INSERT,TABLE,KAVACH_DB.CORE.ANALYST_FEEDBACK,ROLE,KAVACH_ADMIN,false,ACCOUNTADMIN
KAVACH_ADMIN,2026-09-25 04:18:53.080000-07:00,REBUILD,TABLE,KAVACH_DB.CORE.ANALYST_FEEDBACK,ROLE,KAVACH_ADMIN,false,ACCOUNTADMIN
KAVACH_ADMIN,2026-09-25 04:18:53.079000-07:00,REFERENCES,TABLE,KAVACH_DB.CORE.ANALYST_FEEDBACK,ROLE,KAVACH_ADMIN,false,ACCOUNTADMIN
KAVACH_ADMIN,2026-09-25 04:18:53.081000-07:00,SELECT,TABLE,KAVACH_DB.CORE.ANALYST_FEEDBACK,ROLE,KAVACH_ADMIN,false,ACCOUNTADMIN
KAVACH_ADMIN,2026-09-25 04:18:53.085000-07:00,SELECT ERROR TABLE,TABLE,KAVACH_DB.CORE.ANALYST_FEEDBACK,ROLE,KAVACH_ADMIN,false,ACCOUNTADMIN
KAVACH_ADMIN,2026-09-25 04:18:53.086000-07:00,TRUNCATE,TABLE,KAVACH_DB.CORE.ANALYST_FEEDBACK,ROLE,KAVACH_ADMIN,false,ACCOUNTADMIN
KAVACH_ADMIN,2026-09-25 04:18:53.087000-07:00,UPDATE,TABLE,KAVACH_DB.CORE.ANALYST_FEEDBACK,ROLE,KAVACH_ADMIN,false,ACCOUNTADMIN
KAVACH_ADMIN,2026-09-24 23:44:16.810000-07:00,APPLYBUDGET,TABLE,KAVACH_DB.CORE.BENEFICIARIES,ROLE,KAVACH_ADMIN,false,ACCOUNTADMIN
KAVACH_ADMIN,2026-09-24 23:44:16.812000-07:00,DELETE,TABLE,KAVACH_DB.CORE.BENEFICIARIES,ROLE,KAVACH_ADMIN,false,ACCOUNTADMIN
KAVACH_ADMIN,2026-09-24 23:44:16.813000-07:00,DELETE ERROR TABLE,TABLE,KAVACH_DB.CORE.BENEFICIARIES,ROLE,KAVACH_ADMIN,false,ACCOUNTADMIN
KAVACH_ADMIN,2026-09-24 23:44:16.814000-07:00,EVOLVE SCHEMA,TABLE,KAVACH_DB.CORE.BENEFICIARIES,ROLE,KAVACH_ADMIN,false,ACCOUNTADMIN
KAVACH_ADMIN,2026-09-24 23:44:16.815000-07:00,INSERT,TABLE,KAVACH_DB.CORE.BENEFICIARIES,ROLE,KAVACH_ADMIN,false,ACCOUNTADMIN
KAVACH_ADMIN,2026-09-24 23:44:16.817000-07:00,REBUILD,TABLE,KAVACH_DB.CORE.BENEFICIARIES,ROLE,KAVACH_ADMIN,false,ACCOUNTADMIN
KAVACH_ADMIN,2026-09-24 23:44:16.816000-07:00,REFERENCES,TABLE,KAVACH_DB.CORE.BENEFICIARIES,ROLE,KAVACH_ADMIN,false,ACCOUNTADMIN
KAVACH_ADMIN,2026-09-24 23:44:16.818000-07:00,SELECT,TABLE,KAVACH_DB.CORE.BENEFICIARIES,ROLE,KAVACH_ADMIN,false,ACCOUNTADMIN
KAVACH_ADMIN,2026-09-24 23:44:16.821000-07:00,SELECT ERROR TABLE,TABLE,KAVACH_DB.CORE.BENEFICIARIES,ROLE,KAVACH_ADMIN,false,ACCOUNTADMIN
KAVACH_ADMIN,2026-09-24 23:44:16.821000-07:00,TRUNCATE,TABLE,KAVACH_DB.CORE.BENEFICIARIES,ROLE,KAVACH_ADMIN,false,ACCOUNTADMIN
KAVACH_ADMIN,2026-09-24 23:44:16.822000-07:00,UPDATE,TABLE,KAVACH_DB.CORE.BENEFICIARIES,ROLE,KAVACH_ADMIN,false,ACCOUNTADMIN
KAVACH_ADMIN,2026-09-24 23:43:59.059000-07:00,APPLYBUDGET,TABLE,KAVACH_DB.CORE.CUSTOMERS,ROLE,KAVACH_ADMIN,false,ACCOUNTADMIN
KAVACH_ADMIN,2026-09-24 23:43:59.061000-07:00,DELETE,TABLE,KAVACH_DB.CORE.CUSTOMERS,ROLE,KAVACH_ADMIN,false,ACCOUNTADMIN
KAVACH_ADMIN,2026-09-24 23:43:59.062000-07:00,DELETE ERROR TABLE,TABLE,KAVACH_DB.CORE.CUSTOMERS,ROLE,KAVACH_ADMIN,false,ACCOUNTADMIN
KAVACH_ADMIN,2026-09-24 23:43:59.062000-07:00,EVOLVE SCHEMA,TABLE,KAVACH_DB.CORE.CUSTOMERS,ROLE,KAVACH_ADMIN,false,ACCOUNTADMIN
KAVACH_ADMIN,2026-09-24 23:43:59.063000-07:00,INSERT,TABLE,KAVACH_DB.CORE.CUSTOMERS,ROLE,KAVACH_ADMIN,false,ACCOUNTADMIN
KAVACH_ADMIN,2026-09-24 23:43:59.065000-07:00,REBUILD,TABLE,KAVACH_DB.CORE.CUSTOMERS,ROLE,KAVACH_ADMIN,false,ACCOUNTADMIN
KAVACH_ADMIN,2026-09-24 23:43:59.064000-07:00,REFERENCES,TABLE,KAVACH_DB.CORE.CUSTOMERS,ROLE,KAVACH_ADMIN,false,ACCOUNTADMIN
KAVACH_ADMIN,2026-09-24 23:43:59.066000-07:00,SELECT,TABLE,KAVACH_DB.CORE.CUSTOMERS,ROLE,KAVACH_ADMIN,false,ACCOUNTADMIN
KAVACH_ADMIN,2026-09-24 23:43:59.070000-07:00,SELECT ERROR TABLE,TABLE,KAVACH_DB.CORE.CUSTOMERS,ROLE,KAVACH_ADMIN,false,ACCOUNTADMIN
KAVACH_ADMIN,2026-09-24 23:43:59.071000-07:00,TRUNCATE,TABLE,KAVACH_DB.CORE.CUSTOMERS,ROLE,KAVACH_ADMIN,false,ACCOUNTADMIN
KAVACH_ADMIN,2026-09-24 23:43:59.072000-07:00,UPDATE,TABLE,KAVACH_DB.CORE.CUSTOMERS,ROLE,KAVACH_ADMIN,false,ACCOUNTADMIN
KAVACH_ADMIN,2026-09-24 22:18:38.430000-07:00,APPLYBUDGET,TABLE,KAVACH_DB.CORE.DEMO_CUSTOMERS,ROLE,KAVACH_ADMIN,false,ACCOUNTADMIN
KAVACH_ADMIN,2026-09-24 22:18:38.433000-07:00,DELETE,TABLE,KAVACH_DB.CORE.DEMO_CUSTOMERS,ROLE,KAVACH_ADMIN,false,ACCOUNTADMIN
KAVACH_ADMIN,2026-09-24 22:18:38.434000-07:00,DELETE ERROR TABLE,TABLE,KAVACH_DB.CORE.DEMO_CUSTOMERS,ROLE,KAVACH_ADMIN,false,ACCOUNTADMIN
KAVACH_ADMIN,2026-09-24 22:18:38.435000-07:00,EVOLVE SCHEMA,TABLE,KAVACH_DB.CORE.DEMO_CUSTOMERS,ROLE,KAVACH_ADMIN,false,ACCOUNTADMIN
KAVACH_ADMIN,2026-09-24 22:18:38.436000-07:00,INSERT,TABLE,KAVACH_DB.CORE.DEMO_CUSTOMERS,ROLE,KAVACH_ADMIN,false,ACCOUNTADMIN
KAVACH_ADMIN,2026-09-24 22:18:38.439000-07:00,REBUILD,TABLE,KAVACH_DB.CORE.DEMO_CUSTOMERS,ROLE,KAVACH_ADMIN,false,ACCOUNTADMIN
KAVACH_ADMIN,2026-09-24 22:18:38.438000-07:00,REFERENCES,TABLE,KAVACH_DB.CORE.DEMO_CUSTOMERS,ROLE,KAVACH_ADMIN,false,ACCOUNTADMIN
KAVACH_ADMIN,2026-09-24 22:18:38.440000-07:00,SELECT,TABLE,KAVACH_DB.CORE.DEMO_CUSTOMERS,ROLE,KAVACH_ADMIN,false,ACCOUNTADMIN
KAVACH_ADMIN,2026-09-24 22:18:38.446000-07:00,SELECT ERROR TABLE,TABLE,KAVACH_DB.CORE.DEMO_CUSTOMERS,ROLE,KAVACH_ADMIN,false,ACCOUNTADMIN
KAVACH_ADMIN,2026-09-24 22:18:38.447000-07:00,TRUNCATE,TABLE,KAVACH_DB.CORE.DEMO_CUSTOMERS,ROLE,KAVACH_ADMIN,false,ACCOUNTADMIN
KAVACH_ADMIN,2026-09-24 22:18:38.448000-07:00,UPDATE,TABLE,KAVACH_DB.CORE.DEMO_CUSTOMERS,ROLE,KAVACH_ADMIN,false,ACCOUNTADMIN
KAVACH_ADMIN,2026-09-24 23:44:15.048000-07:00,APPLYBUDGET,TABLE,KAVACH_DB.CORE.DEVICES,ROLE,KAVACH_ADMIN,false,ACCOUNTADMIN
KAVACH_ADMIN,2026-09-24 23:44:15.051000-07:00,DELETE,TABLE,KAVACH_DB.CORE.DEVICES,ROLE,KAVACH_ADMIN,false,ACCOUNTADMIN
KAVACH_ADMIN,2026-09-24 23:44:15.052000-07:00,DELETE ERROR TABLE,TABLE,KAVACH_DB.CORE.DEVICES,ROLE,KAVACH_ADMIN,false,ACCOUNTADMIN
KAVACH_ADMIN,2026-09-24 23:44:15.054000-07:00,EVOLVE SCHEMA,TABLE,KAVACH_DB.CORE.DEVICES,ROLE,KAVACH_ADMIN,false,ACCOUNTADMIN
KAVACH_ADMIN,2026-09-24 23:44:15.055000-07:00,INSERT,TABLE,KAVACH_DB.CORE.DEVICES,ROLE,KAVACH_ADMIN,false,ACCOUNTADMIN
KAVACH_ADMIN,2026-09-24 23:44:15.057000-07:00,REBUILD,TABLE,KAVACH_DB.CORE.DEVICES,ROLE,KAVACH_ADMIN,false,ACCOUNTADMIN
KAVACH_ADMIN,2026-09-24 23:44:15.056000-07:00,REFERENCES,TABLE,KAVACH_DB.CORE.DEVICES,ROLE,KAVACH_ADMIN,false,ACCOUNTADMIN
KAVACH_ADMIN,2026-09-24 23:44:15.058000-07:00,SELECT,TABLE,KAVACH_DB.CORE.DEVICES,ROLE,KAVACH_ADMIN,false,ACCOUNTADMIN
KAVACH_ADMIN,2026-09-24 23:44:15.062000-07:00,SELECT ERROR TABLE,TABLE,KAVACH_DB.CORE.DEVICES,ROLE,KAVACH_ADMIN,false,ACCOUNTADMIN
KAVACH_ADMIN,2026-09-24 23:44:15.063000-07:00,TRUNCATE,TABLE,KAVACH_DB.CORE.DEVICES,ROLE,KAVACH_ADMIN,false,ACCOUNTADMIN
KAVACH_ADMIN,2026-09-24 23:44:15.065000-07:00,UPDATE,TABLE,KAVACH_DB.CORE.DEVICES,ROLE,KAVACH_ADMIN,false,ACCOUNTADMIN
KAVACH_ADMIN,2026-09-24 23:44:15.871000-07:00,APPLYBUDGET,TABLE,KAVACH_DB.CORE.LOGINS,ROLE,KAVACH_ADMIN,false,ACCOUNTADMIN
KAVACH_ADMIN,2026-09-24 23:44:15.874000-07:00,DELETE,TABLE,KAVACH_DB.CORE.LOGINS,ROLE,KAVACH_ADMIN,false,ACCOUNTADMIN
KAVACH_ADMIN,2026-09-24 23:44:15.874000-07:00,DELETE ERROR TABLE,TABLE,KAVACH_DB.CORE.LOGINS,ROLE,KAVACH_ADMIN,false,ACCOUNTADMIN
KAVACH_ADMIN,2026-09-24 23:44:15.876000-07:00,EVOLVE SCHEMA,TABLE,KAVACH_DB.CORE.LOGINS,ROLE,KAVACH_ADMIN,false,ACCOUNTADMIN
KAVACH_ADMIN,2026-09-24 23:44:15.876000-07:00,INSERT,TABLE,KAVACH_DB.CORE.LOGINS,ROLE,KAVACH_ADMIN,false,ACCOUNTADMIN
KAVACH_ADMIN,2026-09-24 23:44:15.881000-07:00,REBUILD,TABLE,KAVACH_DB.CORE.LOGINS,ROLE,KAVACH_ADMIN,false,ACCOUNTADMIN
KAVACH_ADMIN,2026-09-24 23:44:15.878000-07:00,REFERENCES,TABLE,KAVACH_DB.CORE.LOGINS,ROLE,KAVACH_ADMIN,false,ACCOUNTADMIN
KAVACH_ADMIN,2026-09-24 23:44:15.882000-07:00,SELECT,TABLE,KAVACH_DB.CORE.LOGINS,ROLE,KAVACH_ADMIN,false,ACCOUNTADMIN
KAVACH_ADMIN,2026-09-24 23:44:15.886000-07:00,SELECT ERROR TABLE,TABLE,KAVACH_DB.CORE.LOGINS,ROLE,KAVACH_ADMIN,false,ACCOUNTADMIN
KAVACH_ADMIN,2026-09-24 23:44:15.887000-07:00,TRUNCATE,TABLE,KAVACH_DB.CORE.LOGINS,ROLE,KAVACH_ADMIN,false,ACCOUNTADMIN
KAVACH_ADMIN,2026-09-24 23:44:15.889000-07:00,UPDATE,TABLE,KAVACH_DB.CORE.LOGINS,ROLE,KAVACH_ADMIN,false,ACCOUNTADMIN
KAVACH_ADMIN,2026-09-24 22:17:53.424000-07:00,APPLYBUDGET,TABLE,KAVACH_DB.CORE.REGION_ACCESS_MAP,ROLE,KAVACH_ADMIN,false,ACCOUNTADMIN
KAVACH_ADMIN,2026-09-24 22:17:53.426000-07:00,DELETE,TABLE,KAVACH_DB.CORE.REGION_ACCESS_MAP,ROLE,KAVACH_ADMIN,false,ACCOUNTADMIN
KAVACH_ADMIN,2026-09-24 22:17:53.427000-07:00,DELETE ERROR TABLE,TABLE,KAVACH_DB.CORE.REGION_ACCESS_MAP,ROLE,KAVACH_ADMIN,false,ACCOUNTADMIN
KAVACH_ADMIN,2026-09-24 22:17:53.428000-07:00,EVOLVE SCHEMA,TABLE,KAVACH_DB.CORE.REGION_ACCESS_MAP,ROLE,KAVACH_ADMIN,false,ACCOUNTADMIN
KAVACH_ADMIN,2026-09-24 22:17:53.429000-07:00,INSERT,TABLE,KAVACH_DB.CORE.REGION_ACCESS_MAP,ROLE,KAVACH_ADMIN,false,ACCOUNTADMIN
KAVACH_ADMIN,2026-09-24 22:17:53.431000-07:00,REBUILD,TABLE,KAVACH_DB.CORE.REGION_ACCESS_MAP,ROLE,KAVACH_ADMIN,false,ACCOUNTADMIN
KAVACH_ADMIN,2026-09-24 22:17:53.430000-07:00,REFERENCES,TABLE,KAVACH_DB.CORE.REGION_ACCESS_MAP,ROLE,KAVACH_ADMIN,false,ACCOUNTADMIN
KAVACH_ADMIN,2026-09-24 22:17:53.432000-07:00,SELECT,TABLE,KAVACH_DB.CORE.REGION_ACCESS_MAP,ROLE,KAVACH_ADMIN,false,ACCOUNTADMIN
KAVACH_ADMIN,2026-09-24 22:17:53.436000-07:00,SELECT ERROR TABLE,TABLE,KAVACH_DB.CORE.REGION_ACCESS_MAP,ROLE,KAVACH_ADMIN,false,ACCOUNTADMIN
KAVACH_ADMIN,2026-09-24 22:17:53.437000-07:00,TRUNCATE,TABLE,KAVACH_DB.CORE.REGION_ACCESS_MAP,ROLE,KAVACH_ADMIN,false,ACCOUNTADMIN
KAVACH_ADMIN,2026-09-24 22:17:53.438000-07:00,UPDATE,TABLE,KAVACH_DB.CORE.REGION_ACCESS_MAP,ROLE,KAVACH_ADMIN,false,ACCOUNTADMIN
KAVACH_ADMIN,2026-09-25 03:59:48.633000-07:00,APPLYBUDGET,TABLE,KAVACH_DB.CORE.RINGS,ROLE,KAVACH_ADMIN,false,ACCOUNTADMIN
KAVACH_ADMIN,2026-09-25 03:59:48.636000-07:00,DELETE,TABLE,KAVACH_DB.CORE.RINGS,ROLE,KAVACH_ADMIN,false,ACCOUNTADMIN
KAVACH_ADMIN,2026-09-25 03:59:48.636000-07:00,DELETE ERROR TABLE,TABLE,KAVACH_DB.CORE.RINGS,ROLE,KAVACH_ADMIN,false,ACCOUNTADMIN
KAVACH_ADMIN,2026-09-25 03:59:48.637000-07:00,EVOLVE SCHEMA,TABLE,KAVACH_DB.CORE.RINGS,ROLE,KAVACH_ADMIN,false,ACCOUNTADMIN
KAVACH_ADMIN,2026-09-25 03:59:48.638000-07:00,INSERT,TABLE,KAVACH_DB.CORE.RINGS,ROLE,KAVACH_ADMIN,false,ACCOUNTADMIN
KAVACH_ADMIN,2026-09-25 03:59:48.639000-07:00,REBUILD,TABLE,KAVACH_DB.CORE.RINGS,ROLE,KAVACH_ADMIN,false,ACCOUNTADMIN
KAVACH_ADMIN,2026-09-25 03:59:48.639000-07:00,REFERENCES,TABLE,KAVACH_DB.CORE.RINGS,ROLE,KAVACH_ADMIN,false,ACCOUNTADMIN
KAVACH_ADMIN,2026-09-25 03:59:48.640000-07:00,SELECT,TABLE,KAVACH_DB.CORE.RINGS,ROLE,KAVACH_ADMIN,false,ACCOUNTADMIN
KAVACH_ADMIN,2026-09-25 03:59:48.643000-07:00,SELECT ERROR TABLE,TABLE,KAVACH_DB.CORE.RINGS,ROLE,KAVACH_ADMIN,false,ACCOUNTADMIN
KAVACH_ADMIN,2026-09-25 03:59:48.644000-07:00,TRUNCATE,TABLE,KAVACH_DB.CORE.RINGS,ROLE,KAVACH_ADMIN,false,ACCOUNTADMIN
KAVACH_ADMIN,2026-09-25 03:59:48.645000-07:00,UPDATE,TABLE,KAVACH_DB.CORE.RINGS,ROLE,KAVACH_ADMIN,false,ACCOUNTADMIN
KAVACH_ADMIN,2026-09-25 04:20:04.940000-07:00,APPLYBUDGET,TABLE,KAVACH_DB.CORE.RING_MEMBERS,ROLE,KAVACH_ADMIN,false,ACCOUNTADMIN
KAVACH_ADMIN,2026-09-25 04:20:04.942000-07:00,DELETE,TABLE,KAVACH_DB.CORE.RING_MEMBERS,ROLE,KAVACH_ADMIN,false,ACCOUNTADMIN
KAVACH_ADMIN,2026-09-25 04:20:04.943000-07:00,DELETE ERROR TABLE,TABLE,KAVACH_DB.CORE.RING_MEMBERS,ROLE,KAVACH_ADMIN,false,ACCOUNTADMIN
KAVACH_ADMIN,2026-09-25 04:20:04.944000-07:00,EVOLVE SCHEMA,TABLE,KAVACH_DB.CORE.RING_MEMBERS,ROLE,KAVACH_ADMIN,false,ACCOUNTADMIN
KAVACH_ADMIN,2026-09-25 04:20:04.945000-07:00,INSERT,TABLE,KAVACH_DB.CORE.RING_MEMBERS,ROLE,KAVACH_ADMIN,false,ACCOUNTADMIN
KAVACH_ADMIN,2026-09-25 04:20:04.947000-07:00,REBUILD,TABLE,KAVACH_DB.CORE.RING_MEMBERS,ROLE,KAVACH_ADMIN,false,ACCOUNTADMIN
KAVACH_ADMIN,2026-09-25 04:20:04.946000-07:00,REFERENCES,TABLE,KAVACH_DB.CORE.RING_MEMBERS,ROLE,KAVACH_ADMIN,false,ACCOUNTADMIN
KAVACH_ADMIN,2026-09-25 04:20:04.949000-07:00,SELECT,TABLE,KAVACH_DB.CORE.RING_MEMBERS,ROLE,KAVACH_ADMIN,false,ACCOUNTADMIN
KAVACH_ADMIN,2026-09-25 04:20:04.953000-07:00,SELECT ERROR TABLE,TABLE,KAVACH_DB.CORE.RING_MEMBERS,ROLE,KAVACH_ADMIN,false,ACCOUNTADMIN
KAVACH_ADMIN,2026-09-25 04:20:04.954000-07:00,TRUNCATE,TABLE,KAVACH_DB.CORE.RING_MEMBERS,ROLE,KAVACH_ADMIN,false,ACCOUNTADMIN
KAVACH_ADMIN,2026-09-25 04:20:04.955000-07:00,UPDATE,TABLE,KAVACH_DB.CORE.RING_MEMBERS,ROLE,KAVACH_ADMIN,false,ACCOUNTADMIN
KAVACH_ADMIN,2026-09-25 04:01:07.267000-07:00,APPLYBUDGET,TABLE,KAVACH_DB.CORE.ROUND_TRIP_CYCLES,ROLE,KAVACH_ADMIN,false,ACCOUNTADMIN
KAVACH_ADMIN,2026-09-25 04:01:07.269000-07:00,DELETE,TABLE,KAVACH_DB.CORE.ROUND_TRIP_CYCLES,ROLE,KAVACH_ADMIN,false,ACCOUNTADMIN
KAVACH_ADMIN,2026-09-25 04:01:07.270000-07:00,DELETE ERROR TABLE,TABLE,KAVACH_DB.CORE.ROUND_TRIP_CYCLES,ROLE,KAVACH_ADMIN,false,ACCOUNTADMIN
KAVACH_ADMIN,2026-09-25 04:01:07.271000-07:00,EVOLVE SCHEMA,TABLE,KAVACH_DB.CORE.ROUND_TRIP_CYCLES,ROLE,KAVACH_ADMIN,false,ACCOUNTADMIN
KAVACH_ADMIN,2026-09-25 04:01:07.272000-07:00,INSERT,TABLE,KAVACH_DB.CORE.ROUND_TRIP_CYCLES,ROLE,KAVACH_ADMIN,false,ACCOUNTADMIN
KAVACH_ADMIN,2026-09-25 04:01:07.274000-07:00,REBUILD,TABLE,KAVACH_DB.CORE.ROUND_TRIP_CYCLES,ROLE,KAVACH_ADMIN,false,ACCOUNTADMIN
KAVACH_ADMIN,2026-09-25 04:01:07.273000-07:00,REFERENCES,TABLE,KAVACH_DB.CORE.ROUND_TRIP_CYCLES,ROLE,KAVACH_ADMIN,false,ACCOUNTADMIN
KAVACH_ADMIN,2026-09-25 04:01:07.275000-07:00,SELECT,TABLE,KAVACH_DB.CORE.ROUND_TRIP_CYCLES,ROLE,KAVACH_ADMIN,false,ACCOUNTADMIN
KAVACH_ADMIN,2026-09-25 04:01:07.280000-07:00,SELECT ERROR TABLE,TABLE,KAVACH_DB.CORE.ROUND_TRIP_CYCLES,ROLE,KAVACH_ADMIN,false,ACCOUNTADMIN
KAVACH_ADMIN,2026-09-25 04:01:07.280000-07:00,TRUNCATE,TABLE,KAVACH_DB.CORE.ROUND_TRIP_CYCLES,ROLE,KAVACH_ADMIN,false,ACCOUNTADMIN
KAVACH_ADMIN,2026-09-25 04:01:07.281000-07:00,UPDATE,TABLE,KAVACH_DB.CORE.ROUND_TRIP_CYCLES,ROLE,KAVACH_ADMIN,false,ACCOUNTADMIN
KAVACH_ADMIN,2026-09-24 23:44:17.654000-07:00,APPLYBUDGET,TABLE,KAVACH_DB.CORE.TRANSACTIONS,ROLE,KAVACH_ADMIN,false,ACCOUNTADMIN
KAVACH_ADMIN,2026-09-24 23:44:17.656000-07:00,DELETE,TABLE,KAVACH_DB.CORE.TRANSACTIONS,ROLE,KAVACH_ADMIN,false,ACCOUNTADMIN
KAVACH_ADMIN,2026-09-24 23:44:17.657000-07:00,DELETE ERROR TABLE,TABLE,KAVACH_DB.CORE.TRANSACTIONS,ROLE,KAVACH_ADMIN,false,ACCOUNTADMIN
KAVACH_ADMIN,2026-09-24 23:44:17.658000-07:00,EVOLVE SCHEMA,TABLE,KAVACH_DB.CORE.TRANSACTIONS,ROLE,KAVACH_ADMIN,false,ACCOUNTADMIN
KAVACH_ADMIN,2026-09-24 23:44:17.659000-07:00,INSERT,TABLE,KAVACH_DB.CORE.TRANSACTIONS,ROLE,KAVACH_ADMIN,false,ACCOUNTADMIN
KAVACH_ADMIN,2026-09-24 23:44:17.661000-07:00,REBUILD,TABLE,KAVACH_DB.CORE.TRANSACTIONS,ROLE,KAVACH_ADMIN,false,ACCOUNTADMIN
KAVACH_ADMIN,2026-09-24 23:44:17.660000-07:00,REFERENCES,TABLE,KAVACH_DB.CORE.TRANSACTIONS,ROLE,KAVACH_ADMIN,false,ACCOUNTADMIN
KAVACH_ADMIN,2026-09-24 23:44:17.661000-07:00,SELECT,TABLE,KAVACH_DB.CORE.TRANSACTIONS,ROLE,KAVACH_ADMIN,false,ACCOUNTADMIN
KAVACH_ADMIN,2026-09-24 23:44:17.665000-07:00,SELECT ERROR TABLE,TABLE,KAVACH_DB.CORE.TRANSACTIONS,ROLE,KAVACH_ADMIN,false,ACCOUNTADMIN
KAVACH_ADMIN,2026-09-24 23:44:17.666000-07:00,TRUNCATE,TABLE,KAVACH_DB.CORE.TRANSACTIONS,ROLE,KAVACH_ADMIN,false,ACCOUNTADMIN
KAVACH_ADMIN,2026-09-24 23:44:17.667000-07:00,UPDATE,TABLE,KAVACH_DB.CORE.TRANSACTIONS,ROLE,KAVACH_ADMIN,false,ACCOUNTADMIN
KAVACH_ADMIN,2026-09-25 04:16:40.538000-07:00,APPLYBUDGET,TABLE,KAVACH_DB.ML.ACCOUNT_FEATURES_STATIC,ROLE,KAVACH_ADMIN,false,ACCOUNTADMIN
KAVACH_ADMIN,2026-09-25 04:16:40.541000-07:00,DELETE,TABLE,KAVACH_DB.ML.ACCOUNT_FEATURES_STATIC,ROLE,KAVACH_ADMIN,false,ACCOUNTADMIN
KAVACH_ADMIN,2026-09-25 04:16:40.542000-07:00,DELETE ERROR TABLE,TABLE,KAVACH_DB.ML.ACCOUNT_FEATURES_STATIC,ROLE,KAVACH_ADMIN,false,ACCOUNTADMIN
KAVACH_ADMIN,2026-09-25 04:16:40.543000-07:00,EVOLVE SCHEMA,TABLE,KAVACH_DB.ML.ACCOUNT_FEATURES_STATIC,ROLE,KAVACH_ADMIN,false,ACCOUNTADMIN
KAVACH_ADMIN,2026-09-25 04:16:40.544000-07:00,INSERT,TABLE,KAVACH_DB.ML.ACCOUNT_FEATURES_STATIC,ROLE,KAVACH_ADMIN,false,ACCOUNTADMIN
KAVACH_ADMIN,2026-09-25 04:16:40.546000-07:00,REBUILD,TABLE,KAVACH_DB.ML.ACCOUNT_FEATURES_STATIC,ROLE,KAVACH_ADMIN,false,ACCOUNTADMIN
KAVACH_ADMIN,2026-09-25 04:16:40.545000-07:00,REFERENCES,TABLE,KAVACH_DB.ML.ACCOUNT_FEATURES_STATIC,ROLE,KAVACH_ADMIN,false,ACCOUNTADMIN
KAVACH_ADMIN,2026-09-25 04:16:40.547000-07:00,SELECT,TABLE,KAVACH_DB.ML.ACCOUNT_FEATURES_STATIC,ROLE,KAVACH_ADMIN,false,ACCOUNTADMIN
KAVACH_ADMIN,2026-09-25 04:16:40.550000-07:00,SELECT ERROR TABLE,TABLE,KAVACH_DB.ML.ACCOUNT_FEATURES_STATIC,ROLE,KAVACH_ADMIN,false,ACCOUNTADMIN
KAVACH_ADMIN,2026-09-25 04:16:40.551000-07:00,TRUNCATE,TABLE,KAVACH_DB.ML.ACCOUNT_FEATURES_STATIC,ROLE,KAVACH_ADMIN,false,ACCOUNTADMIN
KAVACH_ADMIN,2026-09-25 04:16:40.552000-07:00,UPDATE,TABLE,KAVACH_DB.ML.ACCOUNT_FEATURES_STATIC,ROLE,KAVACH_ADMIN,false,ACCOUNTADMIN
KAVACH_ADMIN,2026-09-25 03:44:17.456000-07:00,APPLYBUDGET,TABLE,KAVACH_DB.ML.EVAL_COMPARISON,ROLE,KAVACH_ADMIN,false,ACCOUNTADMIN
KAVACH_ADMIN,2026-09-25 03:44:17.458000-07:00,DELETE,TABLE,KAVACH_DB.ML.EVAL_COMPARISON,ROLE,KAVACH_ADMIN,false,ACCOUNTADMIN
KAVACH_ADMIN,2026-09-25 03:44:17.459000-07:00,DELETE ERROR TABLE,TABLE,KAVACH_DB.ML.EVAL_COMPARISON,ROLE,KAVACH_ADMIN,false,ACCOUNTADMIN
KAVACH_ADMIN,2026-09-25 03:44:17.460000-07:00,EVOLVE SCHEMA,TABLE,KAVACH_DB.ML.EVAL_COMPARISON,ROLE,KAVACH_ADMIN,false,ACCOUNTADMIN
KAVACH_ADMIN,2026-09-25 03:44:17.461000-07:00,INSERT,TABLE,KAVACH_DB.ML.EVAL_COMPARISON,ROLE,KAVACH_ADMIN,false,ACCOUNTADMIN
KAVACH_ADMIN,2026-09-25 03:44:17.463000-07:00,REBUILD,TABLE,KAVACH_DB.ML.EVAL_COMPARISON,ROLE,KAVACH_ADMIN,false,ACCOUNTADMIN
KAVACH_ADMIN,2026-09-25 03:44:17.462000-07:00,REFERENCES,TABLE,KAVACH_DB.ML.EVAL_COMPARISON,ROLE,KAVACH_ADMIN,false,ACCOUNTADMIN
KAVACH_ADMIN,2026-09-25 03:44:17.464000-07:00,SELECT,TABLE,KAVACH_DB.ML.EVAL_COMPARISON,ROLE,KAVACH_ADMIN,false,ACCOUNTADMIN
KAVACH_ADMIN,2026-09-25 03:44:17.468000-07:00,SELECT ERROR TABLE,TABLE,KAVACH_DB.ML.EVAL_COMPARISON,ROLE,KAVACH_ADMIN,false,ACCOUNTADMIN
KAVACH_ADMIN,2026-09-25 03:44:17.468000-07:00,TRUNCATE,TABLE,KAVACH_DB.ML.EVAL_COMPARISON,ROLE,KAVACH_ADMIN,false,ACCOUNTADMIN
KAVACH_ADMIN,2026-09-25 03:44:17.469000-07:00,UPDATE,TABLE,KAVACH_DB.ML.EVAL_COMPARISON,ROLE,KAVACH_ADMIN,false,ACCOUNTADMIN
KAVACH_ADMIN,2026-09-25 03:02:45.610000-07:00,APPLYBUDGET,TABLE,KAVACH_DB.ML.EVAL_GROUND_TRUTH,ROLE,KAVACH_ADMIN,false,ACCOUNTADMIN
KAVACH_ADMIN,2026-09-25 03:02:45.612000-07:00,DELETE,TABLE,KAVACH_DB.ML.EVAL_GROUND_TRUTH,ROLE,KAVACH_ADMIN,false,ACCOUNTADMIN
KAVACH_ADMIN,2026-09-25 03:02:45.613000-07:00,DELETE ERROR TABLE,TABLE,KAVACH_DB.ML.EVAL_GROUND_TRUTH,ROLE,KAVACH_ADMIN,false,ACCOUNTADMIN
KAVACH_ADMIN,2026-09-25 03:02:45.614000-07:00,EVOLVE SCHEMA,TABLE,KAVACH_DB.ML.EVAL_GROUND_TRUTH,ROLE,KAVACH_ADMIN,false,ACCOUNTADMIN
KAVACH_ADMIN,2026-09-25 03:02:45.615000-07:00,INSERT,TABLE,KAVACH_DB.ML.EVAL_GROUND_TRUTH,ROLE,KAVACH_ADMIN,false,ACCOUNTADMIN
KAVACH_ADMIN,2026-09-25 03:02:45.617000-07:00,REBUILD,TABLE,KAVACH_DB.ML.EVAL_GROUND_TRUTH,ROLE,KAVACH_ADMIN,false,ACCOUNTADMIN
KAVACH_ADMIN,2026-09-25 03:02:45.616000-07:00,REFERENCES,TABLE,KAVACH_DB.ML.EVAL_GROUND_TRUTH,ROLE,KAVACH_ADMIN,false,ACCOUNTADMIN
KAVACH_ADMIN,2026-09-25 03:02:45.617000-07:00,SELECT,TABLE,KAVACH_DB.ML.EVAL_GROUND_TRUTH,ROLE,KAVACH_ADMIN,false,ACCOUNTADMIN
KAVACH_ADMIN,2026-09-25 03:02:45.620000-07:00,SELECT ERROR TABLE,TABLE,KAVACH_DB.ML.EVAL_GROUND_TRUTH,ROLE,KAVACH_ADMIN,false,ACCOUNTADMIN
KAVACH_ADMIN,2026-09-25 03:02:45.621000-07:00,TRUNCATE,TABLE,KAVACH_DB.ML.EVAL_GROUND_TRUTH,ROLE,KAVACH_ADMIN,false,ACCOUNTADMIN
KAVACH_ADMIN,2026-09-25 03:02:45.622000-07:00,UPDATE,TABLE,KAVACH_DB.ML.EVAL_GROUND_TRUTH,ROLE,KAVACH_ADMIN,false,ACCOUNTADMIN
KAVACH_ADMIN,2026-09-25 04:18:15.826000-07:00,APPLYBUDGET,TABLE,KAVACH_DB.ML.EVAL_REPORT,ROLE,KAVACH_ADMIN,false,ACCOUNTADMIN
KAVACH_ADMIN,2026-09-25 04:18:15.828000-07:00,DELETE,TABLE,KAVACH_DB.ML.EVAL_REPORT,ROLE,KAVACH_ADMIN,false,ACCOUNTADMIN
KAVACH_ADMIN,2026-09-25 04:18:15.829000-07:00,DELETE ERROR TABLE,TABLE,KAVACH_DB.ML.EVAL_REPORT,ROLE,KAVACH_ADMIN,false,ACCOUNTADMIN
KAVACH_ADMIN,2026-09-25 04:18:15.831000-07:00,EVOLVE SCHEMA,TABLE,KAVACH_DB.ML.EVAL_REPORT,ROLE,KAVACH_ADMIN,false,ACCOUNTADMIN
KAVACH_ADMIN,2026-09-25 04:18:15.832000-07:00,INSERT,TABLE,KAVACH_DB.ML.EVAL_REPORT,ROLE,KAVACH_ADMIN,false,ACCOUNTADMIN
KAVACH_ADMIN,2026-09-25 04:18:15.834000-07:00,REBUILD,TABLE,KAVACH_DB.ML.EVAL_REPORT,ROLE,KAVACH_ADMIN,false,ACCOUNTADMIN
KAVACH_ADMIN,2026-09-25 04:18:15.833000-07:00,REFERENCES,TABLE,KAVACH_DB.ML.EVAL_REPORT,ROLE,KAVACH_ADMIN,false,ACCOUNTADMIN
KAVACH_ADMIN,2026-09-25 04:18:15.835000-07:00,SELECT,TABLE,KAVACH_DB.ML.EVAL_REPORT,ROLE,KAVACH_ADMIN,false,ACCOUNTADMIN
KAVACH_ADMIN,2026-09-25 04:18:15.839000-07:00,SELECT ERROR TABLE,TABLE,KAVACH_DB.ML.EVAL_REPORT,ROLE,KAVACH_ADMIN,false,ACCOUNTADMIN
KAVACH_ADMIN,2026-09-25 04:18:15.842000-07:00,TRUNCATE,TABLE,KAVACH_DB.ML.EVAL_REPORT,ROLE,KAVACH_ADMIN,false,ACCOUNTADMIN
KAVACH_ADMIN,2026-09-25 04:18:15.843000-07:00,UPDATE,TABLE,KAVACH_DB.ML.EVAL_REPORT,ROLE,KAVACH_ADMIN,false,ACCOUNTADMIN
KAVACH_ADMIN,2026-09-25 03:59:10.629000-07:00,APPLYBUDGET,TABLE,KAVACH_DB.ML.EVAL_RULE_PRECISION,ROLE,KAVACH_ADMIN,false,ACCOUNTADMIN
KAVACH_ADMIN,2026-09-25 03:59:10.632000-07:00,DELETE,TABLE,KAVACH_DB.ML.EVAL_RULE_PRECISION,ROLE,KAVACH_ADMIN,false,ACCOUNTADMIN
KAVACH_ADMIN,2026-09-25 03:59:10.633000-07:00,DELETE ERROR TABLE,TABLE,KAVACH_DB.ML.EVAL_RULE_PRECISION,ROLE,KAVACH_ADMIN,false,ACCOUNTADMIN
KAVACH_ADMIN,2026-09-25 03:59:10.634000-07:00,EVOLVE SCHEMA,TABLE,KAVACH_DB.ML.EVAL_RULE_PRECISION,ROLE,KAVACH_ADMIN,false,ACCOUNTADMIN
KAVACH_ADMIN,2026-09-25 03:59:10.634000-07:00,INSERT,TABLE,KAVACH_DB.ML.EVAL_RULE_PRECISION,ROLE,KAVACH_ADMIN,false,ACCOUNTADMIN
KAVACH_ADMIN,2026-09-25 03:59:10.636000-07:00,REBUILD,TABLE,KAVACH_DB.ML.EVAL_RULE_PRECISION,ROLE,KAVACH_ADMIN,false,ACCOUNTADMIN
KAVACH_ADMIN,2026-09-25 03:59:10.636000-07:00,REFERENCES,TABLE,KAVACH_DB.ML.EVAL_RULE_PRECISION,ROLE,KAVACH_ADMIN,false,ACCOUNTADMIN
KAVACH_ADMIN,2026-09-25 03:59:10.637000-07:00,SELECT,TABLE,KAVACH_DB.ML.EVAL_RULE_PRECISION,ROLE,KAVACH_ADMIN,false,ACCOUNTADMIN
KAVACH_ADMIN,2026-09-25 03:59:10.641000-07:00,SELECT ERROR TABLE,TABLE,KAVACH_DB.ML.EVAL_RULE_PRECISION,ROLE,KAVACH_ADMIN,false,ACCOUNTADMIN
KAVACH_ADMIN,2026-09-25 03:59:10.642000-07:00,TRUNCATE,TABLE,KAVACH_DB.ML.EVAL_RULE_PRECISION,ROLE,KAVACH_ADMIN,false,ACCOUNTADMIN
KAVACH_ADMIN,2026-09-25 03:59:10.644000-07:00,UPDATE,TABLE,KAVACH_DB.ML.EVAL_RULE_PRECISION,ROLE,KAVACH_ADMIN,false,ACCOUNTADMIN
KAVACH_ADMIN,2026-09-25 04:01:47.549000-07:00,APPLYBUDGET,TABLE,KAVACH_DB.ML.EVAL_TYPOLOGY_COVERAGE,ROLE,KAVACH_ADMIN,false,ACCOUNTADMIN
KAVACH_ADMIN,2026-09-25 04:01:47.551000-07:00,DELETE,TABLE,KAVACH_DB.ML.EVAL_TYPOLOGY_COVERAGE,ROLE,KAVACH_ADMIN,false,ACCOUNTADMIN
KAVACH_ADMIN,2026-09-25 04:01:47.552000-07:00,DELETE ERROR TABLE,TABLE,KAVACH_DB.ML.EVAL_TYPOLOGY_COVERAGE,ROLE,KAVACH_ADMIN,false,ACCOUNTADMIN
KAVACH_ADMIN,2026-09-25 04:01:47.553000-07:00,EVOLVE SCHEMA,TABLE,KAVACH_DB.ML.EVAL_TYPOLOGY_COVERAGE,ROLE,KAVACH_ADMIN,false,ACCOUNTADMIN
KAVACH_ADMIN,2026-09-25 04:01:47.554000-07:00,INSERT,TABLE,KAVACH_DB.ML.EVAL_TYPOLOGY_COVERAGE,ROLE,KAVACH_ADMIN,false,ACCOUNTADMIN
KAVACH_ADMIN,2026-09-25 04:01:47.555000-07:00,REBUILD,TABLE,KAVACH_DB.ML.EVAL_TYPOLOGY_COVERAGE,ROLE,KAVACH_ADMIN,false,ACCOUNTADMIN
KAVACH_ADMIN,2026-09-25 04:01:47.555000-07:00,REFERENCES,TABLE,KAVACH_DB.ML.EVAL_TYPOLOGY_COVERAGE,ROLE,KAVACH_ADMIN,false,ACCOUNTADMIN
KAVACH_ADMIN,2026-09-25 04:01:47.556000-07:00,SELECT,TABLE,KAVACH_DB.ML.EVAL_TYPOLOGY_COVERAGE,ROLE,KAVACH_ADMIN,false,ACCOUNTADMIN
KAVACH_ADMIN,2026-09-25 04:01:47.560000-07:00,SELECT ERROR TABLE,TABLE,KAVACH_DB.ML.EVAL_TYPOLOGY_COVERAGE,ROLE,KAVACH_ADMIN,false,ACCOUNTADMIN
KAVACH_ADMIN,2026-09-25 04:01:47.560000-07:00,TRUNCATE,TABLE,KAVACH_DB.ML.EVAL_TYPOLOGY_COVERAGE,ROLE,KAVACH_ADMIN,false,ACCOUNTADMIN
KAVACH_ADMIN,2026-09-25 04:01:47.561000-07:00,UPDATE,TABLE,KAVACH_DB.ML.EVAL_TYPOLOGY_COVERAGE,ROLE,KAVACH_ADMIN,false,ACCOUNTADMIN
KAVACH_ADMIN,2026-09-25 04:17:25.487000-07:00,APPLYBUDGET,TABLE,KAVACH_DB.ML.MODEL_METRICS,ROLE,KAVACH_ADMIN,false,ACCOUNTADMIN
KAVACH_ADMIN,2026-09-25 04:17:25.490000-07:00,DELETE,TABLE,KAVACH_DB.ML.MODEL_METRICS,ROLE,KAVACH_ADMIN,false,ACCOUNTADMIN
KAVACH_ADMIN,2026-09-25 04:17:25.492000-07:00,DELETE ERROR TABLE,TABLE,KAVACH_DB.ML.MODEL_METRICS,ROLE,KAVACH_ADMIN,false,ACCOUNTADMIN
KAVACH_ADMIN,2026-09-25 04:17:25.494000-07:00,EVOLVE SCHEMA,TABLE,KAVACH_DB.ML.MODEL_METRICS,ROLE,KAVACH_ADMIN,false,ACCOUNTADMIN
KAVACH_ADMIN,2026-09-25 04:17:25.495000-07:00,INSERT,TABLE,KAVACH_DB.ML.MODEL_METRICS,ROLE,KAVACH_ADMIN,false,ACCOUNTADMIN
KAVACH_ADMIN,2026-09-25 04:17:25.498000-07:00,REBUILD,TABLE,KAVACH_DB.ML.MODEL_METRICS,ROLE,KAVACH_ADMIN,false,ACCOUNTADMIN
KAVACH_ADMIN,2026-09-25 04:17:25.497000-07:00,REFERENCES,TABLE,KAVACH_DB.ML.MODEL_METRICS,ROLE,KAVACH_ADMIN,false,ACCOUNTADMIN
KAVACH_ADMIN,2026-09-25 04:17:25.500000-07:00,SELECT,TABLE,KAVACH_DB.ML.MODEL_METRICS,ROLE,KAVACH_ADMIN,false,ACCOUNTADMIN
KAVACH_ADMIN,2026-09-25 04:17:25.504000-07:00,SELECT ERROR TABLE,TABLE,KAVACH_DB.ML.MODEL_METRICS,ROLE,KAVACH_ADMIN,false,ACCOUNTADMIN
KAVACH_ADMIN,2026-09-25 04:17:25.506000-07:00,TRUNCATE,TABLE,KAVACH_DB.ML.MODEL_METRICS,ROLE,KAVACH_ADMIN,false,ACCOUNTADMIN
KAVACH_ADMIN,2026-09-25 04:17:25.509000-07:00,UPDATE,TABLE,KAVACH_DB.ML.MODEL_METRICS,ROLE,KAVACH_ADMIN,false,ACCOUNTADMIN
KAVACH_ADMIN,2026-09-25 04:17:19.886000-07:00,APPLYBUDGET,TABLE,KAVACH_DB.ML.RISK_SCORES,ROLE,KAVACH_ADMIN,false,ACCOUNTADMIN
KAVACH_ADMIN,2026-09-25 04:17:19.889000-07:00,DELETE,TABLE,KAVACH_DB.ML.RISK_SCORES,ROLE,KAVACH_ADMIN,false,ACCOUNTADMIN
KAVACH_ADMIN,2026-09-25 04:17:19.891000-07:00,DELETE ERROR TABLE,TABLE,KAVACH_DB.ML.RISK_SCORES,ROLE,KAVACH_ADMIN,false,ACCOUNTADMIN
KAVACH_ADMIN,2026-09-25 04:17:19.892000-07:00,EVOLVE SCHEMA,TABLE,KAVACH_DB.ML.RISK_SCORES,ROLE,KAVACH_ADMIN,false,ACCOUNTADMIN
KAVACH_ADMIN,2026-09-25 04:17:19.894000-07:00,INSERT,TABLE,KAVACH_DB.ML.RISK_SCORES,ROLE,KAVACH_ADMIN,false,ACCOUNTADMIN
KAVACH_ADMIN,2026-09-25 04:17:19.897000-07:00,REBUILD,TABLE,KAVACH_DB.ML.RISK_SCORES,ROLE,KAVACH_ADMIN,false,ACCOUNTADMIN
KAVACH_ADMIN,2026-09-25 04:17:19.896000-07:00,REFERENCES,TABLE,KAVACH_DB.ML.RISK_SCORES,ROLE,KAVACH_ADMIN,false,ACCOUNTADMIN
KAVACH_ADMIN,2026-09-25 04:17:19.899000-07:00,SELECT,TABLE,KAVACH_DB.ML.RISK_SCORES,ROLE,KAVACH_ADMIN,false,ACCOUNTADMIN
KAVACH_ADMIN,2026-09-25 04:17:19.906000-07:00,SELECT ERROR TABLE,TABLE,KAVACH_DB.ML.RISK_SCORES,ROLE,KAVACH_ADMIN,false,ACCOUNTADMIN
KAVACH_ADMIN,2026-09-25 04:17:19.907000-07:00,TRUNCATE,TABLE,KAVACH_DB.ML.RISK_SCORES,ROLE,KAVACH_ADMIN,false,ACCOUNTADMIN
KAVACH_ADMIN,2026-09-25 04:17:19.909000-07:00,UPDATE,TABLE,KAVACH_DB.ML.RISK_SCORES,ROLE,KAVACH_ADMIN,false,ACCOUNTADMIN
KAVACH_ADMIN,2026-09-25 04:17:14.887000-07:00,APPLYBUDGET,TABLE,KAVACH_DB.ML.RISK_SCORE_EXPLANATIONS,ROLE,KAVACH_ADMIN,false,ACCOUNTADMIN
KAVACH_ADMIN,2026-09-25 04:17:14.890000-07:00,DELETE,TABLE,KAVACH_DB.ML.RISK_SCORE_EXPLANATIONS,ROLE,KAVACH_ADMIN,false,ACCOUNTADMIN
KAVACH_ADMIN,2026-09-25 04:17:14.891000-07:00,DELETE ERROR TABLE,TABLE,KAVACH_DB.ML.RISK_SCORE_EXPLANATIONS,ROLE,KAVACH_ADMIN,false,ACCOUNTADMIN
KAVACH_ADMIN,2026-09-25 04:17:14.893000-07:00,EVOLVE SCHEMA,TABLE,KAVACH_DB.ML.RISK_SCORE_EXPLANATIONS,ROLE,KAVACH_ADMIN,false,ACCOUNTADMIN
KAVACH_ADMIN,2026-09-25 04:17:14.895000-07:00,INSERT,TABLE,KAVACH_DB.ML.RISK_SCORE_EXPLANATIONS,ROLE,KAVACH_ADMIN,false,ACCOUNTADMIN
KAVACH_ADMIN,2026-09-25 04:17:14.898000-07:00,REBUILD,TABLE,KAVACH_DB.ML.RISK_SCORE_EXPLANATIONS,ROLE,KAVACH_ADMIN,false,ACCOUNTADMIN
KAVACH_ADMIN,2026-09-25 04:17:14.897000-07:00,REFERENCES,TABLE,KAVACH_DB.ML.RISK_SCORE_EXPLANATIONS,ROLE,KAVACH_ADMIN,false,ACCOUNTADMIN
KAVACH_ADMIN,2026-09-25 04:17:14.900000-07:00,SELECT,TABLE,KAVACH_DB.ML.RISK_SCORE_EXPLANATIONS,ROLE,KAVACH_ADMIN,false,ACCOUNTADMIN
KAVACH_ADMIN,2026-09-25 04:17:14.905000-07:00,SELECT ERROR TABLE,TABLE,KAVACH_DB.ML.RISK_SCORE_EXPLANATIONS,ROLE,KAVACH_ADMIN,false,ACCOUNTADMIN
KAVACH_ADMIN,2026-09-25 04:17:14.907000-07:00,TRUNCATE,TABLE,KAVACH_DB.ML.RISK_SCORE_EXPLANATIONS,ROLE,KAVACH_ADMIN,false,ACCOUNTADMIN
KAVACH_ADMIN,2026-09-25 04:17:14.908000-07:00,UPDATE,TABLE,KAVACH_DB.ML.RISK_SCORE_EXPLANATIONS,ROLE,KAVACH_ADMIN,false,ACCOUNTADMIN
KAVACH_ADMIN,2026-09-24 22:58:15.559000-07:00,APPLYBUDGET,TABLE,KAVACH_DB.RAW.ACCOUNTS,ROLE,KAVACH_ADMIN,false,ACCOUNTADMIN
KAVACH_ADMIN,2026-09-24 22:58:15.561000-07:00,DELETE,TABLE,KAVACH_DB.RAW.ACCOUNTS,ROLE,KAVACH_ADMIN,false,ACCOUNTADMIN
KAVACH_ADMIN,2026-09-24 22:58:15.563000-07:00,DELETE ERROR TABLE,TABLE,KAVACH_DB.RAW.ACCOUNTS,ROLE,KAVACH_ADMIN,false,ACCOUNTADMIN
KAVACH_ADMIN,2026-09-24 22:58:15.564000-07:00,EVOLVE SCHEMA,TABLE,KAVACH_DB.RAW.ACCOUNTS,ROLE,KAVACH_ADMIN,false,ACCOUNTADMIN
KAVACH_ADMIN,2026-09-24 22:58:15.564000-07:00,INSERT,TABLE,KAVACH_DB.RAW.ACCOUNTS,ROLE,KAVACH_ADMIN,false,ACCOUNTADMIN
KAVACH_ADMIN,2026-09-24 22:58:15.567000-07:00,REBUILD,TABLE,KAVACH_DB.RAW.ACCOUNTS,ROLE,KAVACH_ADMIN,false,ACCOUNTADMIN
KAVACH_ADMIN,2026-09-24 22:58:15.566000-07:00,REFERENCES,TABLE,KAVACH_DB.RAW.ACCOUNTS,ROLE,KAVACH_ADMIN,false,ACCOUNTADMIN
KAVACH_ADMIN,2026-09-24 22:58:15.568000-07:00,SELECT,TABLE,KAVACH_DB.RAW.ACCOUNTS,ROLE,KAVACH_ADMIN,false,ACCOUNTADMIN
KAVACH_ADMIN,2026-09-24 22:58:15.570000-07:00,SELECT ERROR TABLE,TABLE,KAVACH_DB.RAW.ACCOUNTS,ROLE,KAVACH_ADMIN,false,ACCOUNTADMIN
KAVACH_ADMIN,2026-09-24 22:58:15.571000-07:00,TRUNCATE,TABLE,KAVACH_DB.RAW.ACCOUNTS,ROLE,KAVACH_ADMIN,false,ACCOUNTADMIN
KAVACH_ADMIN,2026-09-24 22:58:15.571000-07:00,UPDATE,TABLE,KAVACH_DB.RAW.ACCOUNTS,ROLE,KAVACH_ADMIN,false,ACCOUNTADMIN
KAVACH_ADMIN,2026-09-24 22:58:43.332000-07:00,APPLYBUDGET,TABLE,KAVACH_DB.RAW.ANALYST_FEEDBACK,ROLE,KAVACH_ADMIN,false,ACCOUNTADMIN
KAVACH_ADMIN,2026-09-24 22:58:43.335000-07:00,DELETE,TABLE,KAVACH_DB.RAW.ANALYST_FEEDBACK,ROLE,KAVACH_ADMIN,false,ACCOUNTADMIN
KAVACH_ADMIN,2026-09-24 22:58:43.336000-07:00,DELETE ERROR TABLE,TABLE,KAVACH_DB.RAW.ANALYST_FEEDBACK,ROLE,KAVACH_ADMIN,false,ACCOUNTADMIN
KAVACH_ADMIN,2026-09-24 22:58:43.337000-07:00,EVOLVE SCHEMA,TABLE,KAVACH_DB.RAW.ANALYST_FEEDBACK,ROLE,KAVACH_ADMIN,false,ACCOUNTADMIN
KAVACH_ADMIN,2026-09-24 22:58:43.338000-07:00,INSERT,TABLE,KAVACH_DB.RAW.ANALYST_FEEDBACK,ROLE,KAVACH_ADMIN,false,ACCOUNTADMIN
KAVACH_ADMIN,2026-09-24 22:58:43.340000-07:00,REBUILD,TABLE,KAVACH_DB.RAW.ANALYST_FEEDBACK,ROLE,KAVACH_ADMIN,false,ACCOUNTADMIN
KAVACH_ADMIN,2026-09-24 22:58:43.339000-07:00,REFERENCES,TABLE,KAVACH_DB.RAW.ANALYST_FEEDBACK,ROLE,KAVACH_ADMIN,false,ACCOUNTADMIN
KAVACH_ADMIN,2026-09-24 22:58:43.341000-07:00,SELECT,TABLE,KAVACH_DB.RAW.ANALYST_FEEDBACK,ROLE,KAVACH_ADMIN,false,ACCOUNTADMIN
KAVACH_ADMIN,2026-09-24 22:58:43.343000-07:00,SELECT ERROR TABLE,TABLE,KAVACH_DB.RAW.ANALYST_FEEDBACK,ROLE,KAVACH_ADMIN,false,ACCOUNTADMIN
KAVACH_ADMIN,2026-09-24 22:58:43.344000-07:00,TRUNCATE,TABLE,KAVACH_DB.RAW.ANALYST_FEEDBACK,ROLE,KAVACH_ADMIN,false,ACCOUNTADMIN
KAVACH_ADMIN,2026-09-24 22:58:43.345000-07:00,UPDATE,TABLE,KAVACH_DB.RAW.ANALYST_FEEDBACK,ROLE,KAVACH_ADMIN,false,ACCOUNTADMIN
KAVACH_ADMIN,2026-09-24 22:58:29.724000-07:00,APPLYBUDGET,TABLE,KAVACH_DB.RAW.BENEFICIARIES,ROLE,KAVACH_ADMIN,false,ACCOUNTADMIN
KAVACH_ADMIN,2026-09-24 22:58:29.726000-07:00,DELETE,TABLE,KAVACH_DB.RAW.BENEFICIARIES,ROLE,KAVACH_ADMIN,false,ACCOUNTADMIN
KAVACH_ADMIN,2026-09-24 22:58:29.728000-07:00,DELETE ERROR TABLE,TABLE,KAVACH_DB.RAW.BENEFICIARIES,ROLE,KAVACH_ADMIN,false,ACCOUNTADMIN
KAVACH_ADMIN,2026-09-24 22:58:29.729000-07:00,EVOLVE SCHEMA,TABLE,KAVACH_DB.RAW.BENEFICIARIES,ROLE,KAVACH_ADMIN,false,ACCOUNTADMIN
KAVACH_ADMIN,2026-09-24 22:58:29.730000-07:00,INSERT,TABLE,KAVACH_DB.RAW.BENEFICIARIES,ROLE,KAVACH_ADMIN,false,ACCOUNTADMIN
KAVACH_ADMIN,2026-09-24 22:58:29.734000-07:00,REBUILD,TABLE,KAVACH_DB.RAW.BENEFICIARIES,ROLE,KAVACH_ADMIN,false,ACCOUNTADMIN
KAVACH_ADMIN,2026-09-24 22:58:29.732000-07:00,REFERENCES,TABLE,KAVACH_DB.RAW.BENEFICIARIES,ROLE,KAVACH_ADMIN,false,ACCOUNTADMIN
KAVACH_ADMIN,2026-09-24 22:58:29.735000-07:00,SELECT,TABLE,KAVACH_DB.RAW.BENEFICIARIES,ROLE,KAVACH_ADMIN,false,ACCOUNTADMIN
KAVACH_ADMIN,2026-09-24 22:58:29.738000-07:00,SELECT ERROR TABLE,TABLE,KAVACH_DB.RAW.BENEFICIARIES,ROLE,KAVACH_ADMIN,false,ACCOUNTADMIN
KAVACH_ADMIN,2026-09-24 22:58:29.739000-07:00,TRUNCATE,TABLE,KAVACH_DB.RAW.BENEFICIARIES,ROLE,KAVACH_ADMIN,false,ACCOUNTADMIN
KAVACH_ADMIN,2026-09-24 22:58:29.740000-07:00,UPDATE,TABLE,KAVACH_DB.RAW.BENEFICIARIES,ROLE,KAVACH_ADMIN,false,ACCOUNTADMIN
KAVACH_ADMIN,2026-09-24 22:57:57.513000-07:00,APPLYBUDGET,TABLE,KAVACH_DB.RAW.CUSTOMERS,ROLE,KAVACH_ADMIN,false,ACCOUNTADMIN
KAVACH_ADMIN,2026-09-24 22:57:57.516000-07:00,DELETE,TABLE,KAVACH_DB.RAW.CUSTOMERS,ROLE,KAVACH_ADMIN,false,ACCOUNTADMIN
KAVACH_ADMIN,2026-09-24 22:57:57.518000-07:00,DELETE ERROR TABLE,TABLE,KAVACH_DB.RAW.CUSTOMERS,ROLE,KAVACH_ADMIN,false,ACCOUNTADMIN
KAVACH_ADMIN,2026-09-24 22:57:57.519000-07:00,EVOLVE SCHEMA,TABLE,KAVACH_DB.RAW.CUSTOMERS,ROLE,KAVACH_ADMIN,false,ACCOUNTADMIN
KAVACH_ADMIN,2026-09-24 22:57:57.519000-07:00,INSERT,TABLE,KAVACH_DB.RAW.CUSTOMERS,ROLE,KAVACH_ADMIN,false,ACCOUNTADMIN
KAVACH_ADMIN,2026-09-24 22:57:57.522000-07:00,REBUILD,TABLE,KAVACH_DB.RAW.CUSTOMERS,ROLE,KAVACH_ADMIN,false,ACCOUNTADMIN
KAVACH_ADMIN,2026-09-24 22:57:57.521000-07:00,REFERENCES,TABLE,KAVACH_DB.RAW.CUSTOMERS,ROLE,KAVACH_ADMIN,false,ACCOUNTADMIN
KAVACH_ADMIN,2026-09-24 22:57:57.524000-07:00,SELECT,TABLE,KAVACH_DB.RAW.CUSTOMERS,ROLE,KAVACH_ADMIN,false,ACCOUNTADMIN
KAVACH_ADMIN,2026-09-24 22:57:57.526000-07:00,SELECT ERROR TABLE,TABLE,KAVACH_DB.RAW.CUSTOMERS,ROLE,KAVACH_ADMIN,false,ACCOUNTADMIN
KAVACH_ADMIN,2026-09-24 22:57:57.527000-07:00,TRUNCATE,TABLE,KAVACH_DB.RAW.CUSTOMERS,ROLE,KAVACH_ADMIN,false,ACCOUNTADMIN
KAVACH_ADMIN,2026-09-24 22:57:57.528000-07:00,UPDATE,TABLE,KAVACH_DB.RAW.CUSTOMERS,ROLE,KAVACH_ADMIN,false,ACCOUNTADMIN
KAVACH_ADMIN,2026-09-24 22:58:24.315000-07:00,APPLYBUDGET,TABLE,KAVACH_DB.RAW.DEVICES,ROLE,KAVACH_ADMIN,false,ACCOUNTADMIN
KAVACH_ADMIN,2026-09-24 22:58:24.317000-07:00,DELETE,TABLE,KAVACH_DB.RAW.DEVICES,ROLE,KAVACH_ADMIN,false,ACCOUNTADMIN
KAVACH_ADMIN,2026-09-24 22:58:24.319000-07:00,DELETE ERROR TABLE,TABLE,KAVACH_DB.RAW.DEVICES,ROLE,KAVACH_ADMIN,false,ACCOUNTADMIN
KAVACH_ADMIN,2026-09-24 22:58:24.320000-07:00,EVOLVE SCHEMA,TABLE,KAVACH_DB.RAW.DEVICES,ROLE,KAVACH_ADMIN,false,ACCOUNTADMIN
KAVACH_ADMIN,2026-09-24 22:58:24.321000-07:00,INSERT,TABLE,KAVACH_DB.RAW.DEVICES,ROLE,KAVACH_ADMIN,false,ACCOUNTADMIN
KAVACH_ADMIN,2026-09-24 22:58:24.323000-07:00,REBUILD,TABLE,KAVACH_DB.RAW.DEVICES,ROLE,KAVACH_ADMIN,false,ACCOUNTADMIN
KAVACH_ADMIN,2026-09-24 22:58:24.322000-07:00,REFERENCES,TABLE,KAVACH_DB.RAW.DEVICES,ROLE,KAVACH_ADMIN,false,ACCOUNTADMIN
KAVACH_ADMIN,2026-09-24 22:58:24.323000-07:00,SELECT,TABLE,KAVACH_DB.RAW.DEVICES,ROLE,KAVACH_ADMIN,false,ACCOUNTADMIN
KAVACH_ADMIN,2026-09-24 22:58:24.325000-07:00,SELECT ERROR TABLE,TABLE,KAVACH_DB.RAW.DEVICES,ROLE,KAVACH_ADMIN,false,ACCOUNTADMIN
KAVACH_ADMIN,2026-09-24 22:58:24.326000-07:00,TRUNCATE,TABLE,KAVACH_DB.RAW.DEVICES,ROLE,KAVACH_ADMIN,false,ACCOUNTADMIN
KAVACH_ADMIN,2026-09-24 22:58:24.327000-07:00,UPDATE,TABLE,KAVACH_DB.RAW.DEVICES,ROLE,KAVACH_ADMIN,false,ACCOUNTADMIN
KAVACH_ADMIN,2026-09-24 23:41:22.865000-07:00,APPLYBUDGET,TABLE,KAVACH_DB.RAW.GROUND_TRUTH,ROLE,KAVACH_ADMIN,false,ACCOUNTADMIN
KAVACH_ADMIN,2026-09-24 23:41:22.870000-07:00,DELETE,TABLE,KAVACH_DB.RAW.GROUND_TRUTH,ROLE,KAVACH_ADMIN,false,ACCOUNTADMIN
KAVACH_ADMIN,2026-09-24 23:41:22.875000-07:00,DELETE ERROR TABLE,TABLE,KAVACH_DB.RAW.GROUND_TRUTH,ROLE,KAVACH_ADMIN,false,ACCOUNTADMIN
KAVACH_ADMIN,2026-09-24 23:41:22.878000-07:00,EVOLVE SCHEMA,TABLE,KAVACH_DB.RAW.GROUND_TRUTH,ROLE,KAVACH_ADMIN,false,ACCOUNTADMIN
KAVACH_ADMIN,2026-09-24 23:41:22.880000-07:00,INSERT,TABLE,KAVACH_DB.RAW.GROUND_TRUTH,ROLE,KAVACH_ADMIN,false,ACCOUNTADMIN
KAVACH_ADMIN,2026-09-24 23:41:22.886000-07:00,REBUILD,TABLE,KAVACH_DB.RAW.GROUND_TRUTH,ROLE,KAVACH_ADMIN,false,ACCOUNTADMIN
KAVACH_ADMIN,2026-09-24 23:41:22.884000-07:00,REFERENCES,TABLE,KAVACH_DB.RAW.GROUND_TRUTH,ROLE,KAVACH_ADMIN,false,ACCOUNTADMIN
KAVACH_ADMIN,2026-09-24 23:41:22.888000-07:00,SELECT,TABLE,KAVACH_DB.RAW.GROUND_TRUTH,ROLE,KAVACH_ADMIN,false,ACCOUNTADMIN
KAVACH_ADMIN,2026-09-24 23:41:22.894000-07:00,SELECT ERROR TABLE,TABLE,KAVACH_DB.RAW.GROUND_TRUTH,ROLE,KAVACH_ADMIN,false,ACCOUNTADMIN
KAVACH_ADMIN,2026-09-24 23:41:22.895000-07:00,TRUNCATE,TABLE,KAVACH_DB.RAW.GROUND_TRUTH,ROLE,KAVACH_ADMIN,false,ACCOUNTADMIN
KAVACH_ADMIN,2026-09-24 23:41:22.897000-07:00,UPDATE,TABLE,KAVACH_DB.RAW.GROUND_TRUTH,ROLE,KAVACH_ADMIN,false,ACCOUNTADMIN
KAVACH_ADMIN,2026-09-24 22:58:43.470000-07:00,APPLYBUDGET,TABLE,KAVACH_DB.RAW.LOGINS,ROLE,KAVACH_ADMIN,false,ACCOUNTADMIN
KAVACH_ADMIN,2026-09-24 22:58:43.472000-07:00,DELETE,TABLE,KAVACH_DB.RAW.LOGINS,ROLE,KAVACH_ADMIN,false,ACCOUNTADMIN
KAVACH_ADMIN,2026-09-24 22:58:43.474000-07:00,DELETE ERROR TABLE,TABLE,KAVACH_DB.RAW.LOGINS,ROLE,KAVACH_ADMIN,false,ACCOUNTADMIN
KAVACH_ADMIN,2026-09-24 22:58:43.474000-07:00,EVOLVE SCHEMA,TABLE,KAVACH_DB.RAW.LOGINS,ROLE,KAVACH_ADMIN,false,ACCOUNTADMIN
KAVACH_ADMIN,2026-09-24 22:58:43.476000-07:00,INSERT,TABLE,KAVACH_DB.RAW.LOGINS,ROLE,KAVACH_ADMIN,false,ACCOUNTADMIN
KAVACH_ADMIN,2026-09-24 22:58:43.479000-07:00,REBUILD,TABLE,KAVACH_DB.RAW.LOGINS,ROLE,KAVACH_ADMIN,false,ACCOUNTADMIN
KAVACH_ADMIN,2026-09-24 22:58:43.477000-07:00,REFERENCES,TABLE,KAVACH_DB.RAW.LOGINS,ROLE,KAVACH_ADMIN,false,ACCOUNTADMIN
KAVACH_ADMIN,2026-09-24 22:58:43.479000-07:00,SELECT,TABLE,KAVACH_DB.RAW.LOGINS,ROLE,KAVACH_ADMIN,false,ACCOUNTADMIN
KAVACH_ADMIN,2026-09-24 22:58:43.482000-07:00,SELECT ERROR TABLE,TABLE,KAVACH_DB.RAW.LOGINS,ROLE,KAVACH_ADMIN,false,ACCOUNTADMIN
KAVACH_ADMIN,2026-09-24 22:58:43.483000-07:00,TRUNCATE,TABLE,KAVACH_DB.RAW.LOGINS,ROLE,KAVACH_ADMIN,false,ACCOUNTADMIN
KAVACH_ADMIN,2026-09-24 22:58:43.484000-07:00,UPDATE,TABLE,KAVACH_DB.RAW.LOGINS,ROLE,KAVACH_ADMIN,false,ACCOUNTADMIN
KAVACH_ADMIN,2026-09-24 22:59:17.833000-07:00,APPLYBUDGET,TABLE,KAVACH_DB.RAW.TRANSACTIONS,ROLE,KAVACH_ADMIN,false,ACCOUNTADMIN
KAVACH_ADMIN,2026-09-24 22:59:17.835000-07:00,DELETE,TABLE,KAVACH_DB.RAW.TRANSACTIONS,ROLE,KAVACH_ADMIN,false,ACCOUNTADMIN
KAVACH_ADMIN,2026-09-24 22:59:17.837000-07:00,DELETE ERROR TABLE,TABLE,KAVACH_DB.RAW.TRANSACTIONS,ROLE,KAVACH_ADMIN,false,ACCOUNTADMIN
KAVACH_ADMIN,2026-09-24 22:59:17.837000-07:00,EVOLVE SCHEMA,TABLE,KAVACH_DB.RAW.TRANSACTIONS,ROLE,KAVACH_ADMIN,false,ACCOUNTADMIN
KAVACH_ADMIN,2026-09-24 22:59:17.838000-07:00,INSERT,TABLE,KAVACH_DB.RAW.TRANSACTIONS,ROLE,KAVACH_ADMIN,false,ACCOUNTADMIN
KAVACH_ADMIN,2026-09-24 22:59:17.840000-07:00,REBUILD,TABLE,KAVACH_DB.RAW.TRANSACTIONS,ROLE,KAVACH_ADMIN,false,ACCOUNTADMIN
KAVACH_ADMIN,2026-09-24 22:59:17.839000-07:00,REFERENCES,TABLE,KAVACH_DB.RAW.TRANSACTIONS,ROLE,KAVACH_ADMIN,false,ACCOUNTADMIN
KAVACH_ADMIN,2026-09-24 22:59:17.842000-07:00,SELECT,TABLE,KAVACH_DB.RAW.TRANSACTIONS,ROLE,KAVACH_ADMIN,false,ACCOUNTADMIN
KAVACH_ADMIN,2026-09-24 22:59:17.844000-07:00,SELECT ERROR TABLE,TABLE,KAVACH_DB.RAW.TRANSACTIONS,ROLE,KAVACH_ADMIN,false,ACCOUNTADMIN
KAVACH_ADMIN,2026-09-24 22:59:17.845000-07:00,TRUNCATE,TABLE,KAVACH_DB.RAW.TRANSACTIONS,ROLE,KAVACH_ADMIN,false,ACCOUNTADMIN
KAVACH_ADMIN,2026-09-24 22:59:17.846000-07:00,UPDATE,TABLE,KAVACH_DB.RAW.TRANSACTIONS,ROLE,KAVACH_ADMIN,false,ACCOUNTADMIN
KAVACH_ADMIN,2026-09-24 22:52:41.941000-07:00,SELECT,TABLE,KAVACH_DB.REF.COUNTRY_RISK,ROLE,KAVACH_ADMIN,false,ACCOUNTADMIN
KAVACH_ADMIN,2026-09-24 22:49:42.831000-07:00,SELECT,TABLE,KAVACH_DB.REF.GEO_INDIA,ROLE,KAVACH_ADMIN,false,ACCOUNTADMIN
KAVACH_ADMIN,2026-09-24 22:51:02.674000-07:00,SELECT,TABLE,KAVACH_DB.REF.IP_GEO,ROLE,KAVACH_ADMIN,false,ACCOUNTADMIN
KAVACH_ADMIN,2026-09-24 22:51:59.887000-07:00,SELECT,TABLE,KAVACH_DB.REF.WATCHLIST,ROLE,KAVACH_ADMIN,false,ACCOUNTADMIN
KAVACH_ADMIN,2026-09-25 01:45:20.225000-07:00,APPLYBUDGET,TABLE,KAVACH_DB.RULES.RULE_CANDIDATES,ROLE,KAVACH_ADMIN,false,ACCOUNTADMIN
KAVACH_ADMIN,2026-09-25 01:45:20.228000-07:00,DELETE,TABLE,KAVACH_DB.RULES.RULE_CANDIDATES,ROLE,KAVACH_ADMIN,false,ACCOUNTADMIN
KAVACH_ADMIN,2026-09-25 01:45:20.230000-07:00,DELETE ERROR TABLE,TABLE,KAVACH_DB.RULES.RULE_CANDIDATES,ROLE,KAVACH_ADMIN,false,ACCOUNTADMIN
KAVACH_ADMIN,2026-09-25 01:45:20.231000-07:00,EVOLVE SCHEMA,TABLE,KAVACH_DB.RULES.RULE_CANDIDATES,ROLE,KAVACH_ADMIN,false,ACCOUNTADMIN
KAVACH_ADMIN,2026-09-25 01:45:20.232000-07:00,INSERT,TABLE,KAVACH_DB.RULES.RULE_CANDIDATES,ROLE,KAVACH_ADMIN,false,ACCOUNTADMIN
KAVACH_ADMIN,2026-09-25 01:45:20.235000-07:00,REBUILD,TABLE,KAVACH_DB.RULES.RULE_CANDIDATES,ROLE,KAVACH_ADMIN,false,ACCOUNTADMIN
KAVACH_ADMIN,2026-09-25 01:45:20.234000-07:00,REFERENCES,TABLE,KAVACH_DB.RULES.RULE_CANDIDATES,ROLE,KAVACH_ADMIN,false,ACCOUNTADMIN
KAVACH_ADMIN,2026-09-25 01:45:20.236000-07:00,SELECT,TABLE,KAVACH_DB.RULES.RULE_CANDIDATES,ROLE,KAVACH_ADMIN,false,ACCOUNTADMIN
KAVACH_ADMIN,2026-09-25 01:45:20.239000-07:00,SELECT ERROR TABLE,TABLE,KAVACH_DB.RULES.RULE_CANDIDATES,ROLE,KAVACH_ADMIN,false,ACCOUNTADMIN
KAVACH_ADMIN,2026-09-25 01:45:20.240000-07:00,TRUNCATE,TABLE,KAVACH_DB.RULES.RULE_CANDIDATES,ROLE,KAVACH_ADMIN,false,ACCOUNTADMIN
KAVACH_ADMIN,2026-09-25 01:45:20.241000-07:00,UPDATE,TABLE,KAVACH_DB.RULES.RULE_CANDIDATES,ROLE,KAVACH_ADMIN,false,ACCOUNTADMIN
KAVACH_ADMIN,2026-09-25 02:32:15.616000-07:00,APPLYBUDGET,TABLE,KAVACH_DB.RULES.RULE_CONFLICTS,ROLE,KAVACH_ADMIN,false,ACCOUNTADMIN
KAVACH_ADMIN,2026-09-25 02:32:15.618000-07:00,DELETE,TABLE,KAVACH_DB.RULES.RULE_CONFLICTS,ROLE,KAVACH_ADMIN,false,ACCOUNTADMIN
KAVACH_ADMIN,2026-09-25 02:32:15.619000-07:00,DELETE ERROR TABLE,TABLE,KAVACH_DB.RULES.RULE_CONFLICTS,ROLE,KAVACH_ADMIN,false,ACCOUNTADMIN
KAVACH_ADMIN,2026-09-25 02:32:15.620000-07:00,EVOLVE SCHEMA,TABLE,KAVACH_DB.RULES.RULE_CONFLICTS,ROLE,KAVACH_ADMIN,false,ACCOUNTADMIN
KAVACH_ADMIN,2026-09-25 02:32:15.621000-07:00,INSERT,TABLE,KAVACH_DB.RULES.RULE_CONFLICTS,ROLE,KAVACH_ADMIN,false,ACCOUNTADMIN
KAVACH_ADMIN,2026-09-25 02:32:15.623000-07:00,REBUILD,TABLE,KAVACH_DB.RULES.RULE_CONFLICTS,ROLE,KAVACH_ADMIN,false,ACCOUNTADMIN
KAVACH_ADMIN,2026-09-25 02:32:15.622000-07:00,REFERENCES,TABLE,KAVACH_DB.RULES.RULE_CONFLICTS,ROLE,KAVACH_ADMIN,false,ACCOUNTADMIN
KAVACH_ADMIN,2026-09-25 02:32:15.624000-07:00,SELECT,TABLE,KAVACH_DB.RULES.RULE_CONFLICTS,ROLE,KAVACH_ADMIN,false,ACCOUNTADMIN
KAVACH_ADMIN,2026-09-25 02:32:15.626000-07:00,SELECT ERROR TABLE,TABLE,KAVACH_DB.RULES.RULE_CONFLICTS,ROLE,KAVACH_ADMIN,false,ACCOUNTADMIN
KAVACH_ADMIN,2026-09-25 02:32:15.627000-07:00,TRUNCATE,TABLE,KAVACH_DB.RULES.RULE_CONFLICTS,ROLE,KAVACH_ADMIN,false,ACCOUNTADMIN
KAVACH_ADMIN,2026-09-25 02:32:15.628000-07:00,UPDATE,TABLE,KAVACH_DB.RULES.RULE_CONFLICTS,ROLE,KAVACH_ADMIN,false,ACCOUNTADMIN
KAVACH_ADMIN,2026-09-25 02:30:17.484000-07:00,APPLYBUDGET,TABLE,KAVACH_DB.RULES.RULE_LIBRARY,ROLE,KAVACH_ADMIN,false,ACCOUNTADMIN
KAVACH_ADMIN,2026-09-25 02:30:17.486000-07:00,DELETE,TABLE,KAVACH_DB.RULES.RULE_LIBRARY,ROLE,KAVACH_ADMIN,false,ACCOUNTADMIN
KAVACH_ADMIN,2026-09-25 02:30:17.487000-07:00,DELETE ERROR TABLE,TABLE,KAVACH_DB.RULES.RULE_LIBRARY,ROLE,KAVACH_ADMIN,false,ACCOUNTADMIN
KAVACH_ADMIN,2026-09-25 02:30:17.488000-07:00,EVOLVE SCHEMA,TABLE,KAVACH_DB.RULES.RULE_LIBRARY,ROLE,KAVACH_ADMIN,false,ACCOUNTADMIN
KAVACH_ADMIN,2026-09-25 02:30:17.489000-07:00,INSERT,TABLE,KAVACH_DB.RULES.RULE_LIBRARY,ROLE,KAVACH_ADMIN,false,ACCOUNTADMIN
KAVACH_ADMIN,2026-09-25 02:30:17.491000-07:00,REBUILD,TABLE,KAVACH_DB.RULES.RULE_LIBRARY,ROLE,KAVACH_ADMIN,false,ACCOUNTADMIN
KAVACH_ADMIN,2026-09-25 02:30:17.490000-07:00,REFERENCES,TABLE,KAVACH_DB.RULES.RULE_LIBRARY,ROLE,KAVACH_ADMIN,false,ACCOUNTADMIN
KAVACH_ADMIN,2026-09-25 02:30:17.492000-07:00,SELECT,TABLE,KAVACH_DB.RULES.RULE_LIBRARY,ROLE,KAVACH_ADMIN,false,ACCOUNTADMIN
KAVACH_ADMIN,2026-09-25 02:30:17.496000-07:00,SELECT ERROR TABLE,TABLE,KAVACH_DB.RULES.RULE_LIBRARY,ROLE,KAVACH_ADMIN,false,ACCOUNTADMIN
KAVACH_ADMIN,2026-09-25 02:30:17.497000-07:00,TRUNCATE,TABLE,KAVACH_DB.RULES.RULE_LIBRARY,ROLE,KAVACH_ADMIN,false,ACCOUNTADMIN
KAVACH_ADMIN,2026-09-25 02:30:17.498000-07:00,UPDATE,TABLE,KAVACH_DB.RULES.RULE_LIBRARY,ROLE,KAVACH_ADMIN,false,ACCOUNTADMIN
KAVACH_ADMIN,2026-09-25 00:02:58.235000-07:00,SELECT,VIEW,KAVACH_DB.REF.COUNTRY_DIM,ROLE,KAVACH_ADMIN,false,ACCOUNTADMIN
KAVACH_ADMIN,2026-09-24 22:49:34.937000-07:00,SELECT,VIEW,KAVACH_DB.REF.FX_RATES,ROLE,KAVACH_ADMIN,false,ACCOUNTADMIN
KAVACH_ADMIN,2026-09-24 23:41:48.192000-07:00,SELECT,VIEW,KAVACH_DB.REF.IP_GEO_IPINFO,ROLE,KAVACH_ADMIN,false,ACCOUNTADMIN
KAVACH_ADMIN,2026-09-24 22:15:51.671000-07:00,USAGE,WAREHOUSE,KAVACH_WH,ROLE,KAVACH_ADMIN,false,ACCOUNTADMIN
KAVACH_ANALYST,2026-09-25 05:00:58.775000-07:00,USAGE,CORTEX_AGENT,KAVACH_DB.AI.KAVACH_AGENT,ROLE,KAVACH_ANALYST,false,ACCOUNTADMIN
KAVACH_ANALYST,2026-09-25 01:45:17.917000-07:00,USAGE,CORTEX_SEARCH_SERVICE,KAVACH_DB.AI.KAVACH_REG_SEARCH,ROLE,KAVACH_ANALYST,false,ACCOUNTADMIN
KAVACH_ANALYST,2026-09-24 22:15:52.691000-07:00,USAGE,DATABASE,KAVACH_DB,ROLE,KAVACH_ANALYST,false,ACCOUNTADMIN
KAVACH_ANALYST,2026-09-24 22:20:18.516000-07:00,USAGE,PROCEDURE,"KAVACH_DB.AUDIT.LOG_ACTIVITY(VARCHAR, VARCHAR, VARCHAR, VARCHAR, VARIANT)",ROLE,KAVACH_ANALYST,false,ACCOUNTADMIN
KAVACH_ANALYST,2026-09-25 01:50:11.168000-07:00,USAGE,PROCEDURE,KAVACH_DB.RULES.COMPILE_CIRCULAR(DEFAULT VARCHAR),ROLE,KAVACH_ANALYST,false,ACCOUNTADMIN
KAVACH_ANALYST,2026-09-24 22:16:32.618000-07:00,USAGE,SCHEMA,KAVACH_DB.AI,ROLE,KAVACH_ANALYST,false,ACCOUNTADMIN
KAVACH_ANALYST,2026-09-24 22:16:32.797000-07:00,USAGE,SCHEMA,KAVACH_DB.APP,ROLE,KAVACH_ANALYST,false,ACCOUNTADMIN
KAVACH_ANALYST,2026-09-24 22:16:32.082000-07:00,USAGE,SCHEMA,KAVACH_DB.CORE,ROLE,KAVACH_ANALYST,false,ACCOUNTADMIN
KAVACH_ANALYST,2026-09-24 22:16:32.434000-07:00,USAGE,SCHEMA,KAVACH_DB.ML,ROLE,KAVACH_ANALYST,false,ACCOUNTADMIN
KAVACH_ANALYST,2026-09-24 22:16:31.903000-07:00,USAGE,SCHEMA,KAVACH_DB.RAW,ROLE,KAVACH_ANALYST,false,ACCOUNTADMIN
KAVACH_ANALYST,2026-09-24 22:49:24.938000-07:00,USAGE,SCHEMA,KAVACH_DB.REF,ROLE,KAVACH_ANALYST,false,ACCOUNTADMIN
KAVACH_ANALYST,2026-09-24 22:16:32.257000-07:00,USAGE,SCHEMA,KAVACH_DB.RULES,ROLE,KAVACH_ANALYST,false,ACCOUNTADMIN
KAVACH_ANALYST,2026-09-25 05:00:23.933000-07:00,REFERENCES,SEMANTIC_VIEW,KAVACH_DB.AI.KAVACH_SV,ROLE,KAVACH_ANALYST,false,ACCOUNTADMIN
KAVACH_ANALYST,2026-09-25 05:00:23.757000-07:00,SELECT,SEMANTIC_VIEW,KAVACH_DB.AI.KAVACH_SV,ROLE,KAVACH_ANALYST,false,ACCOUNTADMIN
KAVACH_ANALYST,2026-09-25 05:15:12.375000-07:00,SELECT,TABLE,KAVACH_DB.AI.AGENT_EVAL_DATA,ROLE,KAVACH_ANALYST,false,ACCOUNTADMIN
KAVACH_ANALYST,2026-09-25 05:29:38.328000-07:00,SELECT,TABLE,KAVACH_DB.AI.ALERT_STORIES,ROLE,KAVACH_ANALYST,false,ACCOUNTADMIN
KAVACH_ANALYST,2026-09-25 01:44:51.968000-07:00,SELECT,TABLE,KAVACH_DB.AI.REG_CHUNKS,ROLE,KAVACH_ANALYST,false,ACCOUNTADMIN
KAVACH_ANALYST,2026-09-25 01:43:12.236000-07:00,SELECT,TABLE,KAVACH_DB.AI.REG_DOCS_PARSED,ROLE,KAVACH_ANALYST,false,ACCOUNTADMIN
KAVACH_ANALYST,2026-09-25 04:12:19.217000-07:00,SELECT,TABLE,KAVACH_DB.APP.SETTINGS,ROLE,KAVACH_ANALYST,false,ACCOUNTADMIN
KAVACH_ANALYST,2026-09-24 22:18:11.397000-07:00,INSERT,TABLE,KAVACH_DB.AUDIT.ACTIVITY_LOG,ROLE,KAVACH_ANALYST,false,ACCOUNTADMIN
KAVACH_ANALYST,2026-09-24 23:44:14.320000-07:00,SELECT,TABLE,KAVACH_DB.CORE.ACCOUNTS,ROLE,KAVACH_ANALYST,false,ACCOUNTADMIN
KAVACH_ANALYST,2026-09-25 03:48:18.476000-07:00,SELECT,TABLE,KAVACH_DB.CORE.ACCOUNT_EDGES,ROLE,KAVACH_ANALYST,false,ACCOUNTADMIN
KAVACH_ANALYST,2026-09-25 02:40:36.003000-07:00,SELECT,TABLE,KAVACH_DB.CORE.ALERTS,ROLE,KAVACH_ANALYST,false,ACCOUNTADMIN
KAVACH_ANALYST,2026-09-25 04:18:53.081000-07:00,SELECT,TABLE,KAVACH_DB.CORE.ANALYST_FEEDBACK,ROLE,KAVACH_ANALYST,false,ACCOUNTADMIN
KAVACH_ANALYST,2026-09-24 23:44:16.818000-07:00,SELECT,TABLE,KAVACH_DB.CORE.BENEFICIARIES,ROLE,KAVACH_ANALYST,false,ACCOUNTADMIN
KAVACH_ANALYST,2026-09-24 23:43:59.067000-07:00,SELECT,TABLE,KAVACH_DB.CORE.CUSTOMERS,ROLE,KAVACH_ANALYST,false,ACCOUNTADMIN
KAVACH_ANALYST,2026-09-24 22:18:38.442000-07:00,SELECT,TABLE,KAVACH_DB.CORE.DEMO_CUSTOMERS,ROLE,KAVACH_ANALYST,false,ACCOUNTADMIN
KAVACH_ANALYST,2026-09-24 23:44:15.059000-07:00,SELECT,TABLE,KAVACH_DB.CORE.DEVICES,ROLE,KAVACH_ANALYST,false,ACCOUNTADMIN
KAVACH_ANALYST,2026-09-24 23:44:15.883000-07:00,SELECT,TABLE,KAVACH_DB.CORE.LOGINS,ROLE,KAVACH_ANALYST,false,ACCOUNTADMIN
KAVACH_ANALYST,2026-09-24 22:17:53.433000-07:00,SELECT,TABLE,KAVACH_DB.CORE.REGION_ACCESS_MAP,ROLE,KAVACH_ANALYST,false,ACCOUNTADMIN
KAVACH_ANALYST,2026-09-25 03:59:48.641000-07:00,SELECT,TABLE,KAVACH_DB.CORE.RINGS,ROLE,KAVACH_ANALYST,false,ACCOUNTADMIN
KAVACH_ANALYST,2026-09-25 04:20:04.950000-07:00,SELECT,TABLE,KAVACH_DB.CORE.RING_MEMBERS,ROLE,KAVACH_ANALYST,false,ACCOUNTADMIN
KAVACH_ANALYST,2026-09-25 04:01:07.276000-07:00,SELECT,TABLE,KAVACH_DB.CORE.ROUND_TRIP_CYCLES,ROLE,KAVACH_ANALYST,false,ACCOUNTADMIN
KAVACH_ANALYST,2026-09-24 23:44:17.662000-07:00,SELECT,TABLE,KAVACH_DB.CORE.TRANSACTIONS,ROLE,KAVACH_ANALYST,false,ACCOUNTADMIN
KAVACH_ANALYST,2026-09-25 04:16:40.548000-07:00,SELECT,TABLE,KAVACH_DB.ML.ACCOUNT_FEATURES_STATIC,ROLE,KAVACH_ANALYST,false,ACCOUNTADMIN
KAVACH_ANALYST,2026-09-25 03:44:17.465000-07:00,SELECT,TABLE,KAVACH_DB.ML.EVAL_COMPARISON,ROLE,KAVACH_ANALYST,false,ACCOUNTADMIN
KAVACH_ANALYST,2026-09-25 03:02:45.618000-07:00,SELECT,TABLE,KAVACH_DB.ML.EVAL_GROUND_TRUTH,ROLE,KAVACH_ANALYST,false,ACCOUNTADMIN
KAVACH_ANALYST,2026-09-25 04:18:15.837000-07:00,SELECT,TABLE,KAVACH_DB.ML.EVAL_REPORT,ROLE,KAVACH_ANALYST,false,ACCOUNTADMIN
KAVACH_ANALYST,2026-09-25 03:59:10.638000-07:00,SELECT,TABLE,KAVACH_DB.ML.EVAL_RULE_PRECISION,ROLE,KAVACH_ANALYST,false,ACCOUNTADMIN
KAVACH_ANALYST,2026-09-25 04:01:47.557000-07:00,SELECT,TABLE,KAVACH_DB.ML.EVAL_TYPOLOGY_COVERAGE,ROLE,KAVACH_ANALYST,false,ACCOUNTADMIN
KAVACH_ANALYST,2026-09-25 04:17:25.501000-07:00,SELECT,TABLE,KAVACH_DB.ML.MODEL_METRICS,ROLE,KAVACH_ANALYST,false,ACCOUNTADMIN
KAVACH_ANALYST,2026-09-25 04:17:19.901000-07:00,SELECT,TABLE,KAVACH_DB.ML.RISK_SCORES,ROLE,KAVACH_ANALYST,false,ACCOUNTADMIN
KAVACH_ANALYST,2026-09-25 04:17:14.902000-07:00,SELECT,TABLE,KAVACH_DB.ML.RISK_SCORE_EXPLANATIONS,ROLE,KAVACH_ANALYST,false,ACCOUNTADMIN
KAVACH_ANALYST,2026-09-24 22:58:15.562000-07:00,DELETE,TABLE,KAVACH_DB.RAW.ACCOUNTS,ROLE,KAVACH_ANALYST,false,ACCOUNTADMIN
KAVACH_ANALYST,2026-09-24 22:58:15.565000-07:00,INSERT,TABLE,KAVACH_DB.RAW.ACCOUNTS,ROLE,KAVACH_ANALYST,false,ACCOUNTADMIN
KAVACH_ANALYST,2026-09-24 22:58:15.568000-07:00,SELECT,TABLE,KAVACH_DB.RAW.ACCOUNTS,ROLE,KAVACH_ANALYST,false,ACCOUNTADMIN
KAVACH_ANALYST,2026-09-24 22:58:15.572000-07:00,UPDATE,TABLE,KAVACH_DB.RAW.ACCOUNTS,ROLE,KAVACH_ANALYST,false,ACCOUNTADMIN
KAVACH_ANALYST,2026-09-24 22:58:43.336000-07:00,DELETE,TABLE,KAVACH_DB.RAW.ANALYST_FEEDBACK,ROLE,KAVACH_ANALYST,false,ACCOUNTADMIN
KAVACH_ANALYST,2026-09-24 22:58:43.339000-07:00,INSERT,TABLE,KAVACH_DB.RAW.ANALYST_FEEDBACK,ROLE,KAVACH_ANALYST,false,ACCOUNTADMIN
KAVACH_ANALYST,2026-09-24 22:58:43.342000-07:00,SELECT,TABLE,KAVACH_DB.RAW.ANALYST_FEEDBACK,ROLE,KAVACH_ANALYST,false,ACCOUNTADMIN
KAVACH_ANALYST,2026-09-24 22:58:43.346000-07:00,UPDATE,TABLE,KAVACH_DB.RAW.ANALYST_FEEDBACK,ROLE,KAVACH_ANALYST,false,ACCOUNTADMIN
KAVACH_ANALYST,2026-09-24 22:58:29.728000-07:00,DELETE,TABLE,KAVACH_DB.RAW.BENEFICIARIES,ROLE,KAVACH_ANALYST,false,ACCOUNTADMIN
KAVACH_ANALYST,2026-09-24 22:58:29.731000-07:00,INSERT,TABLE,KAVACH_DB.RAW.BENEFICIARIES,ROLE,KAVACH_ANALYST,false,ACCOUNTADMIN
KAVACH_ANALYST,2026-09-24 22:58:29.735000-07:00,SELECT,TABLE,KAVACH_DB.RAW.BENEFICIARIES,ROLE,KAVACH_ANALYST,false,ACCOUNTADMIN
KAVACH_ANALYST,2026-09-24 22:58:29.741000-07:00,UPDATE,TABLE,KAVACH_DB.RAW.BENEFICIARIES,ROLE,KAVACH_ANALYST,false,ACCOUNTADMIN
KAVACH_ANALYST,2026-09-24 22:57:57.517000-07:00,DELETE,TABLE,KAVACH_DB.RAW.CUSTOMERS,ROLE,KAVACH_ANALYST,false,ACCOUNTADMIN
KAVACH_ANALYST,2026-09-24 22:57:57.520000-07:00,INSERT,TABLE,KAVACH_DB.RAW.CUSTOMERS,ROLE,KAVACH_ANALYST,false,ACCOUNTADMIN
KAVACH_ANALYST,2026-09-24 22:57:57.524000-07:00,SELECT,TABLE,KAVACH_DB.RAW.CUSTOMERS,ROLE,KAVACH_ANALYST,false,ACCOUNTADMIN
KAVACH_ANALYST,2026-09-24 22:57:57.529000-07:00,UPDATE,TABLE,KAVACH_DB.RAW.CUSTOMERS,ROLE,KAVACH_ANALYST,false,ACCOUNTADMIN
KAVACH_ANALYST,2026-09-24 22:58:24.318000-07:00,DELETE,TABLE,KAVACH_DB.RAW.DEVICES,ROLE,KAVACH_ANALYST,false,ACCOUNTADMIN
KAVACH_ANALYST,2026-09-24 22:58:24.321000-07:00,INSERT,TABLE,KAVACH_DB.RAW.DEVICES,ROLE,KAVACH_ANALYST,false,ACCOUNTADMIN
KAVACH_ANALYST,2026-09-24 22:58:24.324000-07:00,SELECT,TABLE,KAVACH_DB.RAW.DEVICES,ROLE,KAVACH_ANALYST,false,ACCOUNTADMIN
KAVACH_ANALYST,2026-09-24 22:58:24.328000-07:00,UPDATE,TABLE,KAVACH_DB.RAW.DEVICES,ROLE,KAVACH_ANALYST,false,ACCOUNTADMIN
KAVACH_ANALYST,2026-09-24 23:41:22.873000-07:00,DELETE,TABLE,KAVACH_DB.RAW.GROUND_TRUTH,ROLE,KAVACH_ANALYST,false,ACCOUNTADMIN
KAVACH_ANALYST,2026-09-24 23:41:22.881000-07:00,INSERT,TABLE,KAVACH_DB.RAW.GROUND_TRUTH,ROLE,KAVACH_ANALYST,false,ACCOUNTADMIN
KAVACH_ANALYST,2026-09-24 23:41:22.890000-07:00,SELECT,TABLE,KAVACH_DB.RAW.GROUND_TRUTH,ROLE,KAVACH_ANALYST,false,ACCOUNTADMIN
KAVACH_ANALYST,2026-09-24 23:41:22.898000-07:00,UPDATE,TABLE,KAVACH_DB.RAW.GROUND_TRUTH,ROLE,KAVACH_ANALYST,false,ACCOUNTADMIN
KAVACH_ANALYST,2026-09-24 22:58:43.473000-07:00,DELETE,TABLE,KAVACH_DB.RAW.LOGINS,ROLE,KAVACH_ANALYST,false,ACCOUNTADMIN
KAVACH_ANALYST,2026-09-24 22:58:43.477000-07:00,INSERT,TABLE,KAVACH_DB.RAW.LOGINS,ROLE,KAVACH_ANALYST,false,ACCOUNTADMIN
KAVACH_ANALYST,2026-09-24 22:58:43.480000-07:00,SELECT,TABLE,KAVACH_DB.RAW.LOGINS,ROLE,KAVACH_ANALYST,false,ACCOUNTADMIN
KAVACH_ANALYST,2026-09-24 22:58:43.485000-07:00,UPDATE,TABLE,KAVACH_DB.RAW.LOGINS,ROLE,KAVACH_ANALYST,false,ACCOUNTADMIN
KAVACH_ANALYST,2026-09-24 22:59:17.836000-07:00,DELETE,TABLE,KAVACH_DB.RAW.TRANSACTIONS,ROLE,KAVACH_ANALYST,false,ACCOUNTADMIN
KAVACH_ANALYST,2026-09-24 22:59:17.839000-07:00,INSERT,TABLE,KAVACH_DB.RAW.TRANSACTIONS,ROLE,KAVACH_ANALYST,false,ACCOUNTADMIN
KAVACH_ANALYST,2026-09-24 22:59:17.843000-07:00,SELECT,TABLE,KAVACH_DB.RAW.TRANSACTIONS,ROLE,KAVACH_ANALYST,false,ACCOUNTADMIN
KAVACH_ANALYST,2026-09-24 22:59:17.846000-07:00,UPDATE,TABLE,KAVACH_DB.RAW.TRANSACTIONS,ROLE,KAVACH_ANALYST,false,ACCOUNTADMIN
KAVACH_ANALYST,2026-09-24 22:52:41.943000-07:00,SELECT,TABLE,KAVACH_DB.REF.COUNTRY_RISK,ROLE,KAVACH_ANALYST,false,ACCOUNTADMIN
KAVACH_ANALYST,2026-09-24 22:49:42.834000-07:00,SELECT,TABLE,KAVACH_DB.REF.GEO_INDIA,ROLE,KAVACH_ANALYST,false,ACCOUNTADMIN
KAVACH_ANALYST,2026-09-24 22:51:02.677000-07:00,SELECT,TABLE,KAVACH_DB.REF.IP_GEO,ROLE,KAVACH_ANALYST,false,ACCOUNTADMIN
KAVACH_ANALYST,2026-09-24 22:51:59.890000-07:00,SELECT,TABLE,KAVACH_DB.REF.WATCHLIST,ROLE,KAVACH_ANALYST,false,ACCOUNTADMIN
KAVACH_ANALYST,2026-09-25 01:45:20.237000-07:00,SELECT,TABLE,KAVACH_DB.RULES.RULE_CANDIDATES,ROLE,KAVACH_ANALYST,false,ACCOUNTADMIN
KAVACH_ANALYST,2026-09-25 02:32:15.624000-07:00,SELECT,TABLE,KAVACH_DB.RULES.RULE_CONFLICTS,ROLE,KAVACH_ANALYST,false,ACCOUNTADMIN
KAVACH_ANALYST,2026-09-25 02:30:17.493000-07:00,SELECT,TABLE,KAVACH_DB.RULES.RULE_LIBRARY,ROLE,KAVACH_ANALYST,false,ACCOUNTADMIN
KAVACH_ANALYST,2026-09-25 00:02:58.238000-07:00,SELECT,VIEW,KAVACH_DB.REF.COUNTRY_DIM,ROLE,KAVACH_ANALYST,false,ACCOUNTADMIN
KAVACH_ANALYST,2026-09-24 22:49:34.939000-07:00,SELECT,VIEW,KAVACH_DB.REF.FX_RATES,ROLE,KAVACH_ANALYST,false,ACCOUNTADMIN
KAVACH_ANALYST,2026-09-24 23:41:48.198000-07:00,SELECT,VIEW,KAVACH_DB.REF.IP_GEO_IPINFO,ROLE,KAVACH_ANALYST,false,ACCOUNTADMIN
KAVACH_ANALYST,2026-09-24 22:15:51.853000-07:00,USAGE,WAREHOUSE,KAVACH_WH,ROLE,KAVACH_ANALYST,false,ACCOUNTADMIN
KAVACH_ANALYST_NORTH,2026-09-24 22:17:55.271000-07:00,USAGE,DATABASE,KAVACH_DB,ROLE,KAVACH_ANALYST_NORTH,false,ACCOUNTADMIN
KAVACH_ANALYST_NORTH,2026-09-24 22:20:18.861000-07:00,USAGE,PROCEDURE,"KAVACH_DB.AUDIT.LOG_ACTIVITY(VARCHAR, VARCHAR, VARCHAR, VARCHAR, VARIANT)",ROLE,KAVACH_ANALYST_NORTH,false,ACCOUNTADMIN
KAVACH_ANALYST_NORTH,2026-09-24 22:17:55.741000-07:00,USAGE,SCHEMA,KAVACH_DB.CORE,ROLE,KAVACH_ANALYST_NORTH,false,ACCOUNTADMIN
KAVACH_ANALYST_NORTH,2026-09-24 23:44:14.321000-07:00,SELECT,TABLE,KAVACH_DB.CORE.ACCOUNTS,ROLE,KAVACH_ANALYST_NORTH,false,ACCOUNTADMIN
KAVACH_ANALYST_NORTH,2026-09-25 03:48:18.477000-07:00,SELECT,TABLE,KAVACH_DB.CORE.ACCOUNT_EDGES,ROLE,KAVACH_ANALYST_NORTH,false,ACCOUNTADMIN
KAVACH_ANALYST_NORTH,2026-09-25 02:40:36.003000-07:00,SELECT,TABLE,KAVACH_DB.CORE.ALERTS,ROLE,KAVACH_ANALYST_NORTH,false,ACCOUNTADMIN
KAVACH_ANALYST_NORTH,2026-09-25 04:18:53.083000-07:00,SELECT,TABLE,KAVACH_DB.CORE.ANALYST_FEEDBACK,ROLE,KAVACH_ANALYST_NORTH,false,ACCOUNTADMIN
KAVACH_ANALYST_NORTH,2026-09-24 23:44:16.819000-07:00,SELECT,TABLE,KAVACH_DB.CORE.BENEFICIARIES,ROLE,KAVACH_ANALYST_NORTH,false,ACCOUNTADMIN
KAVACH_ANALYST_NORTH,2026-09-24 23:43:59.068000-07:00,SELECT,TABLE,KAVACH_DB.CORE.CUSTOMERS,ROLE,KAVACH_ANALYST_NORTH,false,ACCOUNTADMIN
KAVACH_ANALYST_NORTH,2026-09-24 22:18:38.443000-07:00,SELECT,TABLE,KAVACH_DB.CORE.DEMO_CUSTOMERS,ROLE,KAVACH_ANALYST_NORTH,false,ACCOUNTADMIN
KAVACH_ANALYST_NORTH,2026-09-24 23:44:15.060000-07:00,SELECT,TABLE,KAVACH_DB.CORE.DEVICES,ROLE,KAVACH_ANALYST_NORTH,false,ACCOUNTADMIN
KAVACH_ANALYST_NORTH,2026-09-24 23:44:15.884000-07:00,SELECT,TABLE,KAVACH_DB.CORE.LOGINS,ROLE,KAVACH_ANALYST_NORTH,false,ACCOUNTADMIN
KAVACH_ANALYST_NORTH,2026-09-24 22:17:55.924000-07:00,SELECT,TABLE,KAVACH_DB.CORE.REGION_ACCESS_MAP,ROLE,KAVACH_ANALYST_NORTH,false,ACCOUNTADMIN
KAVACH_ANALYST_NORTH,2026-09-25 03:59:48.642000-07:00,SELECT,TABLE,KAVACH_DB.CORE.RINGS,ROLE,KAVACH_ANALYST_NORTH,false,ACCOUNTADMIN
KAVACH_ANALYST_NORTH,2026-09-25 04:20:04.951000-07:00,SELECT,TABLE,KAVACH_DB.CORE.RING_MEMBERS,ROLE,KAVACH_ANALYST_NORTH,false,ACCOUNTADMIN
KAVACH_ANALYST_NORTH,2026-09-25 04:01:07.277000-07:00,SELECT,TABLE,KAVACH_DB.CORE.ROUND_TRIP_CYCLES,ROLE,KAVACH_ANALYST_NORTH,false,ACCOUNTADMIN
KAVACH_ANALYST_NORTH,2026-09-24 23:44:17.663000-07:00,SELECT,TABLE,KAVACH_DB.CORE.TRANSACTIONS,ROLE,KAVACH_ANALYST_NORTH,false,ACCOUNTADMIN
KAVACH_ANALYST_NORTH,2026-09-24 22:17:55.066000-07:00,USAGE,WAREHOUSE,KAVACH_WH,ROLE,KAVACH_ANALYST_NORTH,false,ACCOUNTADMIN
KAVACH_AUDITOR,2026-09-24 22:15:52.884000-07:00,USAGE,DATABASE,KAVACH_DB,ROLE,KAVACH_AUDITOR,false,ACCOUNTADMIN
KAVACH_AUDITOR,2026-09-24 22:20:18.696000-07:00,USAGE,PROCEDURE,"KAVACH_DB.AUDIT.LOG_ACTIVITY(VARCHAR, VARCHAR, VARCHAR, VARCHAR, VARIANT)",ROLE,KAVACH_AUDITOR,false,ACCOUNTADMIN
KAVACH_AUDITOR,2026-09-24 22:16:44.687000-07:00,USAGE,SCHEMA,KAVACH_DB.AI,ROLE,KAVACH_AUDITOR,false,ACCOUNTADMIN
KAVACH_AUDITOR,2026-09-24 22:16:44.866000-07:00,USAGE,SCHEMA,KAVACH_DB.APP,ROLE,KAVACH_AUDITOR,false,ACCOUNTADMIN
KAVACH_AUDITOR,2026-09-24 22:16:45.041000-07:00,USAGE,SCHEMA,KAVACH_DB.AUDIT,ROLE,KAVACH_AUDITOR,false,ACCOUNTADMIN
KAVACH_AUDITOR,2026-09-24 22:16:44.159000-07:00,USAGE,SCHEMA,KAVACH_DB.CORE,ROLE,KAVACH_AUDITOR,false,ACCOUNTADMIN
KAVACH_AUDITOR,2026-09-24 22:16:44.511000-07:00,USAGE,SCHEMA,KAVACH_DB.ML,ROLE,KAVACH_AUDITOR,false,ACCOUNTADMIN
KAVACH_AUDITOR,2026-09-24 22:16:43.984000-07:00,USAGE,SCHEMA,KAVACH_DB.RAW,ROLE,KAVACH_AUDITOR,false,ACCOUNTADMIN
KAVACH_AUDITOR,2026-09-24 22:49:25.105000-07:00,USAGE,SCHEMA,KAVACH_DB.REF,ROLE,KAVACH_AUDITOR,false,ACCOUNTADMIN
KAVACH_AUDITOR,2026-09-24 22:16:44.335000-07:00,USAGE,SCHEMA,KAVACH_DB.RULES,ROLE,KAVACH_AUDITOR,false,ACCOUNTADMIN
KAVACH_AUDITOR,2026-09-25 05:15:12.376000-07:00,SELECT,TABLE,KAVACH_DB.AI.AGENT_EVAL_DATA,ROLE,KAVACH_AUDITOR,false,ACCOUNTADMIN
KAVACH_AUDITOR,2026-09-25 05:29:38.329000-07:00,SELECT,TABLE,KAVACH_DB.AI.ALERT_STORIES,ROLE,KAVACH_AUDITOR,false,ACCOUNTADMIN
KAVACH_AUDITOR,2026-09-25 01:44:51.968000-07:00,SELECT,TABLE,KAVACH_DB.AI.REG_CHUNKS,ROLE,KAVACH_AUDITOR,false,ACCOUNTADMIN
KAVACH_AUDITOR,2026-09-25 01:43:12.237000-07:00,SELECT,TABLE,KAVACH_DB.AI.REG_DOCS_PARSED,ROLE,KAVACH_AUDITOR,false,ACCOUNTADMIN
KAVACH_AUDITOR,2026-09-25 04:12:19.218000-07:00,SELECT,TABLE,KAVACH_DB.APP.SETTINGS,ROLE,KAVACH_AUDITOR,false,ACCOUNTADMIN
KAVACH_AUDITOR,2026-09-24 22:18:11.582000-07:00,INSERT,TABLE,KAVACH_DB.AUDIT.ACTIVITY_LOG,ROLE,KAVACH_AUDITOR,false,ACCOUNTADMIN
KAVACH_AUDITOR,2026-09-24 22:18:10.930000-07:00,SELECT,TABLE,KAVACH_DB.AUDIT.ACTIVITY_LOG,ROLE,KAVACH_AUDITOR,false,ACCOUNTADMIN
KAVACH_AUDITOR,2026-09-25 06:22:02.757000-07:00,SELECT,TABLE,KAVACH_DB.AUDIT.ALERT_FEEDBACK,ROLE,KAVACH_AUDITOR,false,ACCOUNTADMIN
KAVACH_AUDITOR,2026-09-25 05:29:38.709000-07:00,SELECT,TABLE,KAVACH_DB.AUDIT.EVIDENCE_REGISTRY,ROLE,KAVACH_AUDITOR,false,ACCOUNTADMIN
KAVACH_AUDITOR,2026-09-24 23:44:14.322000-07:00,SELECT,TABLE,KAVACH_DB.CORE.ACCOUNTS,ROLE,KAVACH_AUDITOR,false,ACCOUNTADMIN
KAVACH_AUDITOR,2026-09-25 03:48:18.478000-07:00,SELECT,TABLE,KAVACH_DB.CORE.ACCOUNT_EDGES,ROLE,KAVACH_AUDITOR,false,ACCOUNTADMIN
KAVACH_AUDITOR,2026-09-25 02:40:36.004000-07:00,SELECT,TABLE,KAVACH_DB.CORE.ALERTS,ROLE,KAVACH_AUDITOR,false,ACCOUNTADMIN
KAVACH_AUDITOR,2026-09-25 04:18:53.084000-07:00,SELECT,TABLE,KAVACH_DB.CORE.ANALYST_FEEDBACK,ROLE,KAVACH_AUDITOR,false,ACCOUNTADMIN
KAVACH_AUDITOR,2026-09-24 23:44:16.820000-07:00,SELECT,TABLE,KAVACH_DB.CORE.BENEFICIARIES,ROLE,KAVACH_AUDITOR,false,ACCOUNTADMIN
KAVACH_AUDITOR,2026-09-24 23:43:59.069000-07:00,SELECT,TABLE,KAVACH_DB.CORE.CUSTOMERS,ROLE,KAVACH_AUDITOR,false,ACCOUNTADMIN
KAVACH_AUDITOR,2026-09-24 22:18:38.444000-07:00,SELECT,TABLE,KAVACH_DB.CORE.DEMO_CUSTOMERS,ROLE,KAVACH_AUDITOR,false,ACCOUNTADMIN
KAVACH_AUDITOR,2026-09-24 23:44:15.061000-07:00,SELECT,TABLE,KAVACH_DB.CORE.DEVICES,ROLE,KAVACH_AUDITOR,false,ACCOUNTADMIN
KAVACH_AUDITOR,2026-09-24 23:44:15.885000-07:00,SELECT,TABLE,KAVACH_DB.CORE.LOGINS,ROLE,KAVACH_AUDITOR,false,ACCOUNTADMIN
KAVACH_AUDITOR,2026-09-24 22:17:53.435000-07:00,SELECT,TABLE,KAVACH_DB.CORE.REGION_ACCESS_MAP,ROLE,KAVACH_AUDITOR,false,ACCOUNTADMIN
KAVACH_AUDITOR,2026-09-25 03:59:48.643000-07:00,SELECT,TABLE,KAVACH_DB.CORE.RINGS,ROLE,KAVACH_AUDITOR,false,ACCOUNTADMIN
KAVACH_AUDITOR,2026-09-25 04:20:04.952000-07:00,SELECT,TABLE,KAVACH_DB.CORE.RING_MEMBERS,ROLE,KAVACH_AUDITOR,false,ACCOUNTADMIN
KAVACH_AUDITOR,2026-09-25 04:01:07.279000-07:00,SELECT,TABLE,KAVACH_DB.CORE.ROUND_TRIP_CYCLES,ROLE,KAVACH_AUDITOR,false,ACCOUNTADMIN
KAVACH_AUDITOR,2026-09-24 23:44:17.664000-07:00,SELECT,TABLE,KAVACH_DB.CORE.TRANSACTIONS,ROLE,KAVACH_AUDITOR,false,ACCOUNTADMIN
KAVACH_AUDITOR,2026-09-25 04:16:40.549000-07:00,SELECT,TABLE,KAVACH_DB.ML.ACCOUNT_FEATURES_STATIC,ROLE,KAVACH_AUDITOR,false,ACCOUNTADMIN
KAVACH_AUDITOR,2026-09-25 03:44:17.466000-07:00,SELECT,TABLE,KAVACH_DB.ML.EVAL_COMPARISON,ROLE,KAVACH_AUDITOR,false,ACCOUNTADMIN
KAVACH_AUDITOR,2026-09-25 03:02:45.619000-07:00,SELECT,TABLE,KAVACH_DB.ML.EVAL_GROUND_TRUTH,ROLE,KAVACH_AUDITOR,false,ACCOUNTADMIN
KAVACH_AUDITOR,2026-09-25 04:18:15.838000-07:00,SELECT,TABLE,KAVACH_DB.ML.EVAL_REPORT,ROLE,KAVACH_AUDITOR,false,ACCOUNTADMIN
KAVACH_AUDITOR,2026-09-25 03:59:10.639000-07:00,SELECT,TABLE,KAVACH_DB.ML.EVAL_RULE_PRECISION,ROLE,KAVACH_AUDITOR,false,ACCOUNTADMIN
KAVACH_AUDITOR,2026-09-25 04:01:47.559000-07:00,SELECT,TABLE,KAVACH_DB.ML.EVAL_TYPOLOGY_COVERAGE,ROLE,KAVACH_AUDITOR,false,ACCOUNTADMIN
KAVACH_AUDITOR,2026-09-25 04:17:25.502000-07:00,SELECT,TABLE,KAVACH_DB.ML.MODEL_METRICS,ROLE,KAVACH_AUDITOR,false,ACCOUNTADMIN
KAVACH_AUDITOR,2026-09-25 04:17:19.903000-07:00,SELECT,TABLE,KAVACH_DB.ML.RISK_SCORES,ROLE,KAVACH_AUDITOR,false,ACCOUNTADMIN
KAVACH_AUDITOR,2026-09-25 04:17:14.903000-07:00,SELECT,TABLE,KAVACH_DB.ML.RISK_SCORE_EXPLANATIONS,ROLE,KAVACH_AUDITOR,false,ACCOUNTADMIN
KAVACH_AUDITOR,2026-09-24 22:58:15.569000-07:00,SELECT,TABLE,KAVACH_DB.RAW.ACCOUNTS,ROLE,KAVACH_AUDITOR,false,ACCOUNTADMIN
KAVACH_AUDITOR,2026-09-24 22:58:43.342000-07:00,SELECT,TABLE,KAVACH_DB.RAW.ANALYST_FEEDBACK,ROLE,KAVACH_AUDITOR,false,ACCOUNTADMIN
KAVACH_AUDITOR,2026-09-24 22:58:29.736000-07:00,SELECT,TABLE,KAVACH_DB.RAW.BENEFICIARIES,ROLE,KAVACH_AUDITOR,false,ACCOUNTADMIN
KAVACH_AUDITOR,2026-09-24 22:57:57.525000-07:00,SELECT,TABLE,KAVACH_DB.RAW.CUSTOMERS,ROLE,KAVACH_AUDITOR,false,ACCOUNTADMIN
KAVACH_AUDITOR,2026-09-24 22:58:24.325000-07:00,SELECT,TABLE,KAVACH_DB.RAW.DEVICES,ROLE,KAVACH_AUDITOR,false,ACCOUNTADMIN
KAVACH_AUDITOR,2026-09-24 23:41:22.891000-07:00,SELECT,TABLE,KAVACH_DB.RAW.GROUND_TRUTH,ROLE,KAVACH_AUDITOR,false,ACCOUNTADMIN
KAVACH_AUDITOR,2026-09-24 22:58:43.481000-07:00,SELECT,TABLE,KAVACH_DB.RAW.LOGINS,ROLE,KAVACH_AUDITOR,false,ACCOUNTADMIN
KAVACH_AUDITOR,2026-09-24 22:59:17.843000-07:00,SELECT,TABLE,KAVACH_DB.RAW.TRANSACTIONS,ROLE,KAVACH_AUDITOR,false,ACCOUNTADMIN
KAVACH_AUDITOR,2026-09-24 22:52:41.944000-07:00,SELECT,TABLE,KAVACH_DB.REF.COUNTRY_RISK,ROLE,KAVACH_AUDITOR,false,ACCOUNTADMIN
KAVACH_AUDITOR,2026-09-24 22:49:42.835000-07:00,SELECT,TABLE,KAVACH_DB.REF.GEO_INDIA,ROLE,KAVACH_AUDITOR,false,ACCOUNTADMIN
KAVACH_AUDITOR,2026-09-24 22:51:02.679000-07:00,SELECT,TABLE,KAVACH_DB.REF.IP_GEO,ROLE,KAVACH_AUDITOR,false,ACCOUNTADMIN
KAVACH_AUDITOR,2026-09-24 22:51:59.891000-07:00,SELECT,TABLE,KAVACH_DB.REF.WATCHLIST,ROLE,KAVACH_AUDITOR,false,ACCOUNTADMIN
KAVACH_AUDITOR,2026-09-25 01:45:20.238000-07:00,SELECT,TABLE,KAVACH_DB.RULES.RULE_CANDIDATES,ROLE,KAVACH_AUDITOR,false,ACCOUNTADMIN
KAVACH_AUDITOR,2026-09-25 02:32:15.625000-07:00,SELECT,TABLE,KAVACH_DB.RULES.RULE_CONFLICTS,ROLE,KAVACH_AUDITOR,false,ACCOUNTADMIN
KAVACH_AUDITOR,2026-09-25 02:30:17.495000-07:00,SELECT,TABLE,KAVACH_DB.RULES.RULE_LIBRARY,ROLE,KAVACH_AUDITOR,false,ACCOUNTADMIN
KAVACH_AUDITOR,2026-09-25 00:02:58.239000-07:00,SELECT,VIEW,KAVACH_DB.REF.COUNTRY_DIM,ROLE,KAVACH_AUDITOR,false,ACCOUNTADMIN
KAVACH_AUDITOR,2026-09-24 22:49:34.941000-07:00,SELECT,VIEW,KAVACH_DB.REF.FX_RATES,ROLE,KAVACH_AUDITOR,false,ACCOUNTADMIN
KAVACH_AUDITOR,2026-09-24 23:41:48.199000-07:00,SELECT,VIEW,KAVACH_DB.REF.IP_GEO_IPINFO,ROLE,KAVACH_AUDITOR,false,ACCOUNTADMIN
KAVACH_AUDITOR,2026-09-24 22:15:52.069000-07:00,USAGE,WAREHOUSE,KAVACH_WH,ROLE,KAVACH_AUDITOR,false,ACCOUNTADMIN
KAVACH_REVIEWER,2026-09-25 07:05:55.306000-07:00,USAGE,CORTEX_AGENT,KAVACH_DB.AI.KAVACH_AGENT,ROLE,KAVACH_REVIEWER,false,ACCOUNTADMIN
KAVACH_REVIEWER,2026-09-25 07:05:55.625000-07:00,USAGE,CORTEX_SEARCH_SERVICE,KAVACH_DB.AI.KAVACH_REG_SEARCH,ROLE,KAVACH_REVIEWER,false,ACCOUNTADMIN
KAVACH_REVIEWER,2026-09-24 22:15:53.067000-07:00,USAGE,DATABASE,KAVACH_DB,ROLE,KAVACH_REVIEWER,false,ACCOUNTADMIN
KAVACH_REVIEWER,2026-09-25 07:05:55.785000-07:00,USAGE,PROCEDURE,KAVACH_DB.AI.EXPLAIN_ALERT(VARCHAR),ROLE,KAVACH_REVIEWER,false,ACCOUNTADMIN
KAVACH_REVIEWER,2026-09-25 07:05:56.107000-07:00,USAGE,PROCEDURE,"KAVACH_DB.AI.TIME_MACHINE(VARCHAR, VARIANT)",ROLE,KAVACH_REVIEWER,false,ACCOUNTADMIN
KAVACH_REVIEWER,2026-09-25 07:05:55.946000-07:00,USAGE,PROCEDURE,KAVACH_DB.AI.WHY_NOT_FLAGGED(VARCHAR),ROLE,KAVACH_REVIEWER,false,ACCOUNTADMIN
KAVACH_REVIEWER,2026-09-25 06:22:08.838000-07:00,USAGE,SCHEMA,KAVACH_DB.AI,ROLE,KAVACH_REVIEWER,false,ACCOUNTADMIN
KAVACH_REVIEWER,2026-09-24 22:16:53.914000-07:00,USAGE,SCHEMA,KAVACH_DB.APP,ROLE,KAVACH_REVIEWER,false,ACCOUNTADMIN
KAVACH_REVIEWER,2026-09-24 22:16:54.088000-07:00,USAGE,SCHEMA,KAVACH_DB.AUDIT,ROLE,KAVACH_REVIEWER,false,ACCOUNTADMIN
KAVACH_REVIEWER,2026-09-25 06:22:08.668000-07:00,USAGE,SCHEMA,KAVACH_DB.CORE,ROLE,KAVACH_REVIEWER,false,ACCOUNTADMIN
KAVACH_REVIEWER,2026-09-25 07:34:45.544000-07:00,USAGE,SCHEMA,KAVACH_DB.ML,ROLE,KAVACH_REVIEWER,false,ACCOUNTADMIN
KAVACH_REVIEWER,2026-09-24 22:49:25.278000-07:00,USAGE,SCHEMA,KAVACH_DB.REF,ROLE,KAVACH_REVIEWER,false,ACCOUNTADMIN
KAVACH_REVIEWER,2026-09-25 06:22:08.272000-07:00,USAGE,SCHEMA,KAVACH_DB.RULES,ROLE,KAVACH_REVIEWER,false,ACCOUNTADMIN
KAVACH_REVIEWER,2026-09-25 07:05:55.474000-07:00,SELECT,SEMANTIC_VIEW,KAVACH_DB.AI.KAVACH_SV,ROLE,KAVACH_REVIEWER,false,ACCOUNTADMIN
KAVACH_REVIEWER,2026-09-25 06:22:07.772000-07:00,SELECT,TABLE,KAVACH_DB.AI.ALERT_STORIES,ROLE,KAVACH_REVIEWER,false,ACCOUNTADMIN
KAVACH_REVIEWER,2026-09-25 04:12:19.219000-07:00,SELECT,TABLE,KAVACH_DB.APP.SETTINGS,ROLE,KAVACH_REVIEWER,false,ACCOUNTADMIN
KAVACH_REVIEWER,2026-09-24 22:18:11.776000-07:00,INSERT,TABLE,KAVACH_DB.AUDIT.ACTIVITY_LOG,ROLE,KAVACH_REVIEWER,false,ACCOUNTADMIN
KAVACH_REVIEWER,2026-09-24 22:18:10.931000-07:00,SELECT,TABLE,KAVACH_DB.AUDIT.ACTIVITY_LOG,ROLE,KAVACH_REVIEWER,false,ACCOUNTADMIN
KAVACH_REVIEWER,2026-09-25 06:22:08.104000-07:00,INSERT,TABLE,KAVACH_DB.AUDIT.ALERT_FEEDBACK,ROLE,KAVACH_REVIEWER,false,ACCOUNTADMIN
KAVACH_REVIEWER,2026-09-25 06:22:02.758000-07:00,SELECT,TABLE,KAVACH_DB.AUDIT.ALERT_FEEDBACK,ROLE,KAVACH_REVIEWER,false,ACCOUNTADMIN
KAVACH_REVIEWER,2026-09-25 05:29:38.710000-07:00,SELECT,TABLE,KAVACH_DB.AUDIT.EVIDENCE_REGISTRY,ROLE,KAVACH_REVIEWER,false,ACCOUNTADMIN
KAVACH_REVIEWER,2026-09-25 07:05:56.283000-07:00,SELECT,TABLE,KAVACH_DB.CORE.ACCOUNTS,ROLE,KAVACH_REVIEWER,false,ACCOUNTADMIN
KAVACH_REVIEWER,2026-09-25 06:22:05.835000-07:00,SELECT,TABLE,KAVACH_DB.CORE.ALERTS,ROLE,KAVACH_REVIEWER,false,ACCOUNTADMIN
KAVACH_REVIEWER,2026-09-25 06:22:06.224000-07:00,SELECT,TABLE,KAVACH_DB.CORE.CUSTOMERS,ROLE,KAVACH_REVIEWER,false,ACCOUNTADMIN
KAVACH_REVIEWER,2026-09-25 06:22:06.750000-07:00,SELECT,TABLE,KAVACH_DB.CORE.RINGS,ROLE,KAVACH_REVIEWER,false,ACCOUNTADMIN
KAVACH_REVIEWER,2026-09-25 06:22:06.957000-07:00,SELECT,TABLE,KAVACH_DB.CORE.RING_MEMBERS,ROLE,KAVACH_REVIEWER,false,ACCOUNTADMIN
KAVACH_REVIEWER,2026-09-25 06:22:06.475000-07:00,SELECT,TABLE,KAVACH_DB.CORE.TRANSACTIONS,ROLE,KAVACH_REVIEWER,false,ACCOUNTADMIN
KAVACH_REVIEWER,2026-09-25 06:22:07.217000-07:00,SELECT,TABLE,KAVACH_DB.RULES.RULE_LIBRARY,ROLE,KAVACH_REVIEWER,false,ACCOUNTADMIN
KAVACH_REVIEWER,2026-09-25 07:06:20.484000-07:00,SELECT,VIEW,KAVACH_DB.ML.LATEST_RISK_SCORES,ROLE,KAVACH_REVIEWER,false,ACCOUNTADMIN
KAVACH_REVIEWER,2026-09-24 22:15:52.282000-07:00,USAGE,WAREHOUSE,KAVACH_WH,ROLE,KAVACH_REVIEWER,false,ACCOUNTADMIN
